customer_id,f_name,l_name,state
1,Brian,Patterson,Serbia
2,Peter,Miller,Jamaica
3,Daniel,Potts,Uruguay
4,Rose,Johnson,Cape Verde
5,Julia,Wilson,Iceland
6,Erik,Rodgers,Guadeloupe
7,Kelli,Ortega,Papua New Guinea
8,Samuel,Rodriguez,United States Virgin Islands
9,Mckenzie,Johnston,Palestinian Territory
10,Cathy,Scott,San Marino
11,Catherine,Holloway,Pitcairn Islands
12,Austin,Stevenson,Haiti
13,Daniel,Jackson,Guyana
14,Joan,Walsh,Singapore
15,Samantha,Walsh,Paraguay
16,John,Moreno,Montserrat
17,Connie,Hood,French Polynesia
18,Christopher,Lowe,Bahamas
19,Samantha,Ramos,Zambia
20,Elizabeth,Moore,Norway
21,William,Hopkins,United Kingdom
22,David,Mason,Afghanistan
23,David,Clayton,Australia
24,Adam,Peterson,Czech Republic
25,Craig,Ruiz,Indonesia
26,Steven,Garza,Denmark
27,Lauren,Collins,Sierra Leone
28,Sara,Wells,Mauritania
29,Christine,Elliott,Swaziland
30,Benjamin,Torres,Anguilla
31,Tina,Taylor,Iran
32,Michael,Jones,Trinidad and Tobago
33,Brandon,Doyle,Iceland
34,Danielle,Herman,Lebanon
35,Frank,Pena,Maldives
36,Zachary,Bennett,Malaysia
37,Jason,Bradley,Reunion
38,Geoffrey,Stevens,Senegal
39,Susan,Daniels,Micronesia
40,Yvonne,Watkins,Moldova
41,Rachael,Stephenson,Maldives
42,Thomas,Barnes,Seychelles
43,Donald,Robinson,Suriname
44,Megan,Ho,French Polynesia
45,Jay,Chen,French Guiana
46,Nicholas,Johnson,Tuvalu
47,Jeremiah,Carrillo,Czech Republic
48,Holly,Haney,China
49,Vanessa,Collier,Fiji
50,Rachel,Cook,Kiribati
51,Sarah,Wise,Netherlands Antilles
52,James,Armstrong,Korea
53,Rebecca,Hodges,Anguilla
54,Clinton,Smith,Uganda
55,Alison,Harris,United States Minor Outlying Islands
56,Joanna,Terry,Ireland
57,Matthew,Watkins,Mexico
58,Stephanie,Bishop,Norfolk Island
59,Linda,Meyer,Finland
60,Diane,Bennett,Guam
61,Jason,Cabrera,Timor-Leste
62,Ashley,Kelly,Bermuda
63,Amanda,Williams,Uzbekistan
64,Andrew,Hunt,Austria
65,Mallory,Morales,Montenegro
66,Christian,Anderson,Turks and Caicos Islands
67,Jamie,Pena,Burkina Faso
68,Karen,Nunez,Niue
69,Kristen,Cox,Greece
70,Pamela,Duncan,Germany
71,Chris,Woodard,Mauritius
72,Anthony,Chen,Christmas Island
73,Caitlin,Hoffman,Tonga
74,Andrew,Brown,Niue
75,Rhonda,Dougherty,Seychelles
76,John,Williams,Saint Barthelemy
77,Nicholas,Johnson,Czech Republic
78,Megan,Berry,Niger
79,Gina,Ryan,Marshall Islands
80,William,Jackson,Mauritius
81,Jon,Whitehead,Antarctica (the territory South of 60 deg S)
82,John,Bell,Sri Lanka
83,Frederick,Castillo,Japan
84,Brian,Bruce,Wallis and Futuna
85,Michael,Adams,Indonesia
86,Joshua,Williams,Malta
87,Daniel,Maldonado,Malawi
88,Edward,Bernard,Bangladesh
89,Valerie,Wade,Jordan
90,Haley,Gomez,Svalbard & Jan Mayen Islands
91,Janet,Rivera,Lithuania
92,Anna,Smith,Moldova
93,Stacy,Bryant,Hungary
94,Tammy,Melton,Norfolk Island
95,Dawn,Stewart,Falkland Islands (Malvinas)
96,Gina,Dorsey,South Africa
97,David,Aguilar,British Indian Ocean Territory (Chagos Archipelago)
98,Brian,Shaw,Myanmar
99,Brian,Smith,Central African Republic
100,Kevin,Green,Greenland
101,Crystal,Haynes,Lebanon
102,Charles,Richardson,French Polynesia
103,Roger,Dalton,Timor-Leste
104,Scott,Thomas,Malaysia
105,Eric,Wiley,Benin
106,Kenneth,Sanchez,Venezuela
107,Angela,Mccoy,Greece
108,Luke,Hudson,Saint Vincent and the Grenadines
109,Paul,Alexander,Andorra
110,Frank,Mcgrath,San Marino
111,Michael,Mccullough,Cayman Islands
112,Patricia,Kelly,Christmas Island
113,Jessica,Keller,Saint Martin
114,Michelle,West,Iran
115,Rebecca,Pugh,Antigua and Barbuda
116,Jennifer,Mcbride,United States of America
117,Jason,Rodriguez,Swaziland
118,Morgan,Dickson,Belarus
119,Dana,Norris,Jordan
120,Christopher,Nielsen,Iran
121,Gabriel,Nixon,French Guiana
122,Timothy,Jordan,Kazakhstan
123,Jared,Vincent,Congo
124,Sharon,Martinez,Israel
125,Bradley,Gamble,Norfolk Island
126,Alexandria,Johnson,Hong Kong
127,Brian,Vincent,Tonga
128,Anna,Hayes,Dominica
129,Lindsay,Osborne,Belarus
130,Elizabeth,Guzman,Congo
131,Anthony,Crawford,Portugal
132,Lauren,Harris,Uzbekistan
133,Thomas,Santiago,Saint Barthelemy
134,George,Crawford,Lesotho
135,Phillip,Perry,Tuvalu
136,Natalie,Weiss,Central African Republic
137,Jacob,Martinez,United States of America
138,Ana,Romero,Montenegro
139,Chad,Lee,French Polynesia
140,Holly,Phillips,Nauru
141,Laura,Thomas,Tuvalu
142,Cassidy,Russo,Djibouti
143,Jose,Schmidt,Malaysia
144,Robert,Sullivan,Heard Island and McDonald Islands
145,Bonnie,Santos,United Arab Emirates
146,Ryan,Rogers,United States Minor Outlying Islands
147,Frank,Lee,South Georgia and the South Sandwich Islands
148,Francis,Contreras,El Salvador
149,Cindy,Mcmillan,Turkey
150,Matthew,Perez,Argentina
151,Brittany,Adams,Congo
152,Alexis,Clark,Belgium
153,Gary,Allen,United Kingdom
154,Kaitlyn,Kemp,Montserrat
155,Tiffany,White,Antarctica (the territory South of 60 deg S)
156,Derek,Barton,Malawi
157,Felicia,Hogan,Gibraltar
158,Shelly,Keller,Estonia
159,Jennifer,Fletcher,Switzerland
160,Cody,Smith,Samoa
161,Sarah,Smith,Malaysia
162,Kevin,Scott,Mauritania
163,Amanda,Sparks,Azerbaijan
164,John,Deleon,Guam
165,Autumn,Delacruz,Cameroon
166,Jordan,Diaz,Iraq
167,Anne,Frank,Chile
168,Joanne,Martinez,French Southern Territories
169,John,Cannon,Christmas Island
170,Michael,Cox,Vietnam
171,Amber,Lee,Chile
172,Melinda,Robinson,South Georgia and the South Sandwich Islands
173,Teresa,Thomas,Aruba
174,Catherine,Burns,Turkey
175,Lisa,Carlson,Colombia
176,Alexis,Meyer,Guatemala
177,Shawn,Johnston,Belgium
178,Charles,Quinn,Thailand
179,Thomas,Nguyen,Cote d'Ivoire
180,Spencer,Moore,British Indian Ocean Territory (Chagos Archipelago)
181,Anthony,Owen,Paraguay
182,Dean,Martinez,Burundi
183,Cristina,Morrow,Hong Kong
184,Joshua,Walls,Australia
185,Leah,Clark,Slovenia
186,Charles,Foster,Liberia
187,Ashlee,Smith,British Virgin Islands
188,Lauren,Mcdaniel,Sao Tome and Principe
189,Bethany,Rodriguez,Cape Verde
190,Judy,Mitchell,Guinea-Bissau
191,Sally,Kennedy,Philippines
192,Daniel,Wong,Slovenia
193,Adam,Powell,Austria
194,Justin,Garcia,South Georgia and the South Sandwich Islands
195,Sarah,Pittman,Svalbard & Jan Mayen Islands
196,Kristi,Marks,Georgia
197,Tracey,Davis,Italy
198,Heidi,Diaz,Fiji
199,Brenda,Holland,Cook Islands
200,Courtney,Schultz,Honduras
201,Erika,James,Haiti
202,Sarah,Larson,Ghana
203,Jennifer,Moody,Macao
204,Calvin,Hernandez,Wallis and Futuna
205,Eric,Holmes,France
206,Kendra,Mitchell,Antigua and Barbuda
207,Janet,Rhodes,Samoa
208,Thomas,Foster,Yemen
209,Laura,Wilson,China
210,Terry,Hernandez,Taiwan
211,Michael,Chan,Somalia
212,Roy,Obrien,Gambia
213,Timothy,Warren,Saint Martin
214,Ashley,Perry,Dominican Republic
215,Elizabeth,Campbell,Burkina Faso
216,Sandra,Owens,Wallis and Futuna
217,Taylor,Flores,Saint Helena
218,Jamie,Rodriguez,Palestinian Territory
219,Nathan,Jackson,Brunei Darussalam
220,Sarah,Fitzpatrick,Malawi
221,Felicia,Martin,Congo
222,Linda,Anderson,United States Virgin Islands
223,Amanda,Reeves,Zimbabwe
224,Scott,Booker,Estonia
225,Charles,Williams,Costa Rica
226,Samuel,Edwards,Japan
227,Jessica,Hansen,Monaco
228,Emily,Shepherd,Central African Republic
229,Katherine,Webb,Singapore
230,Kelsey,Stevens,India
231,Michael,Mooney,Iceland
232,Jacqueline,Roberts,Spain
233,Alyssa,Fritz,Oman
234,Christopher,Brown,Saint Martin
235,Richard,Poole,Australia
236,Amanda,Mclaughlin,Eritrea
237,Lynn,Wood,Honduras
238,Edward,Murray,Greenland
239,Daniel,Rodriguez,Cayman Islands
240,Amanda,Saunders,Czech Republic
241,Amanda,Yang,Guernsey
242,Danielle,Rodriguez,Reunion
243,Jennifer,Myers,Pitcairn Islands
244,Heather,King,Svalbard & Jan Mayen Islands
245,Thomas,Jensen,Burundi
246,Nicole,Thompson,Latvia
247,Shane,Day,Malta
248,Kayla,Clark,Cyprus
249,Jeffery,Kerr,Palestinian Territory
250,Donna,Lewis,Nigeria
251,Anthony,Pena,Vanuatu
252,Melinda,Martinez,Lesotho
253,Joseph,Smith,Guam
254,Anthony,King,Denmark
255,Shelley,Brown,Brunei Darussalam
256,Adam,Snyder,Netherlands
257,Sheila,Hall,Christmas Island
258,Ryan,Armstrong,Somalia
259,Deborah,Graves,New Zealand
260,Dale,Mcclain,Guernsey
261,Ashley,Weaver,Saint Martin
262,Elizabeth,Payne,Cyprus
263,Dillon,Patel,Nauru
264,Daniel,Melton,Cameroon
265,Albert,Martinez,Panama
266,Karen,Davenport,Congo
267,Brandy,York,Western Sahara
268,Heather,Williams,Colombia
269,Michael,Maxwell,Nepal
270,Tracy,Rodriguez,Mauritius
271,David,Davis,Montserrat
272,Suzanne,Klein,Bolivia
273,Andrea,Smith,Bhutan
274,Amanda,Romero,Jordan
275,Thomas,Long,Fiji
276,Elizabeth,Olsen,Mauritania
277,Yolanda,Baker,Malawi
278,Jessica,Callahan,Monaco
279,Emily,Brown,Namibia
280,Sara,Snyder,Azerbaijan
281,Ashley,Joseph,Lesotho
282,Michael,Acosta,Norfolk Island
283,Jessica,Maldonado,Ethiopia
284,Christine,Murphy,Saudi Arabia
285,Michael,Ellis,Indonesia
286,Brandon,Dunn,Russian Federation
287,Michele,Cardenas,Armenia
288,Diane,Rodriguez,Greenland
289,Samuel,Hawkins,Sierra Leone
290,Jodi,Bautista,China
291,Michael,Love,Bolivia
292,Ashley,Norris,South Africa
293,Kristopher,Hayes,Nicaragua
294,Victoria,Peterson,Italy
295,James,Miller,Korea
296,Ronald,Williams,Mauritius
297,Elizabeth,Giles,Indonesia
298,Kevin,Roach,Armenia
299,Timothy,Harrison,Ghana
300,Janet,Vargas,Niue
301,Chase,Pacheco,Finland
302,Jeremy,Jensen,Jersey
303,John,Sampson,Netherlands Antilles
304,Joseph,Mcbride,Aruba
305,Gina,Bryant,Cyprus
306,Lauren,Stephens,Iraq
307,David,Woods,Belgium
308,Elizabeth,Carpenter,Burkina Faso
309,Jacob,Freeman,Egypt
310,Judy,Herrera,Philippines
311,Andrew,Brown,Cote d'Ivoire
312,Jennifer,Turner,Dominica
313,Diana,Fletcher,Faroe Islands
314,Gina,Oliver,United Arab Emirates
315,Ronald,Petty,Jersey
316,Robert,Johnson,Greenland
317,Jerry,Garcia,Malta
318,Paula,Sanchez,United Arab Emirates
319,Debra,Wise,Seychelles
320,James,Lyons,Heard Island and McDonald Islands
321,Cody,Lewis,Sierra Leone
322,Alexis,Ruiz,Japan
323,Joshua,Robinson,Philippines
324,Matthew,Hill,Guam
325,Raymond,Keith,Saint Kitts and Nevis
326,Caitlin,Sims,Japan
327,Lauren,Martin,Reunion
328,Vanessa,Cox,Mayotte
329,Tina,Freeman,Madagascar
330,Elizabeth,Jackson,Tonga
331,Roy,Nelson,Namibia
332,James,Hampton,Lao People's Democratic Republic
333,David,Hanson,Saint Pierre and Miquelon
334,Jessica,Pierce,Australia
335,Ashley,Jordan,Libyan Arab Jamahiriya
336,Kevin,Taylor,Turkey
337,Anthony,Rice,Rwanda
338,Loretta,Johnson,Antigua and Barbuda
339,James,Griffin,Argentina
340,Wendy,Bowers,Dominica
341,Chris,Miller,Macao
342,Lauren,Graham,Congo
343,Lynn,Page,Grenada
344,Aaron,Raymond,Malaysia
345,Elijah,Johnson,Malaysia
346,James,David,Korea
347,Stacey,Gonzalez,Serbia
348,Bryce,Bryant,Equatorial Guinea
349,Tyler,Norris,Kazakhstan
350,Lisa,Luna,Congo
351,Brandon,Byrd,Rwanda
352,Kelsey,Reeves,Ukraine
353,Ashley,Salazar,United Kingdom
354,Michael,Stephens,Cocos (Keeling) Islands
355,Erica,Tran,Australia
356,Brenda,Haynes,Togo
357,Gary,Nunez,Ghana
358,Timothy,Rasmussen,Bahamas
359,John,Davis,Grenada
360,Teresa,Juarez,Burundi
361,Nicholas,Lopez,Puerto Rico
362,Stephanie,Kim,Taiwan
363,Derek,May,Switzerland
364,Matthew,Johnson,Barbados
365,William,Gilbert,France
366,Allen,Russo,United States of America
367,Timothy,King,Denmark
368,Jacob,Chavez,Antigua and Barbuda
369,Douglas,Rogers,South Africa
370,Sarah,Nelson,Saint Vincent and the Grenadines
371,Carlos,Vance,Egypt
372,Kevin,Kemp,Myanmar
373,Ariel,Hooper,French Southern Territories
374,Jennifer,Kramer,Lesotho
375,Bradley,Collier,Indonesia
376,Jennifer,Hoffman,Zambia
377,Lauren,Walker,Algeria
378,John,Gamble,Israel
379,Misty,Calderon,Bolivia
380,Rachel,Zhang,Austria
381,Laura,Anderson,Denmark
382,Courtney,Adams,Uruguay
383,Kyle,Scott,Syrian Arab Republic
384,Lisa,Floyd,Samoa
385,Lindsey,Rivas,Saint Helena
386,Amber,Valenzuela,Pakistan
387,Ryan,Collins,Marshall Islands
388,Chad,Brown,Chad
389,Patrick,Morgan,Gabon
390,Blake,Peterson,Liechtenstein
391,Regina,Barnett,Libyan Arab Jamahiriya
392,Samuel,Richards,Thailand
393,Tiffany,Brown,French Southern Territories
394,Mike,Dodson,Norfolk Island
395,Warren,Carter,Falkland Islands (Malvinas)
396,Amanda,Mccoy,Botswana
397,Logan,Doyle,Kazakhstan
398,Scott,Coleman,Aruba
399,Anthony,Garcia,Pitcairn Islands
400,Hayley,Hogan,Romania
401,Audrey,Watkins,Grenada
402,Aimee,Wilson,Sri Lanka
403,Justin,Mccarthy,Eritrea
404,Meredith,Day,Turkey
405,Michael,Blevins,Gabon
406,Robert,Robinson,Sri Lanka
407,Michael,Floyd,Belgium
408,Michael,Thompson,Falkland Islands (Malvinas)
409,Patrick,Garcia,Brazil
410,Erin,Smith,Philippines
411,Rebecca,Burnett,Zimbabwe
412,Dean,Turner,Liberia
413,Destiny,Walker,South Georgia and the South Sandwich Islands
414,Tiffany,Maldonado,French Guiana
415,Tracy,Davis,China
416,Allison,Davis,Tajikistan
417,Sarah,Smith,Estonia
418,Kimberly,Allen,Holy See (Vatican City State)
419,Alexandria,Vasquez,Libyan Arab Jamahiriya
420,Justin,Sexton,Suriname
421,Judith,Barton,Sudan
422,Karen,Schwartz,Ethiopia
423,Victoria,Shelton,Benin
424,Jacob,Goodman,Mexico
425,Theresa,Todd,Gibraltar
426,Anthony,Ford,Sweden
427,Christopher,Bennett,Peru
428,Sean,Morgan,Belize
429,Jessica,Hawkins,Bahamas
430,Ralph,Perez,Holy See (Vatican City State)
431,Brenda,Lynch,Togo
432,Beverly,Collins,Norfolk Island
433,Danielle,Daniels,Botswana
434,Joshua,Adams,Thailand
435,Matthew,Cook,Marshall Islands
436,Susan,Kelly,French Southern Territories
437,Nicolas,Brown,Finland
438,Sara,Weaver,Australia
439,Mark,Carter,Anguilla
440,Deborah,Rodgers,French Guiana
441,Kelly,Benjamin,Holy See (Vatican City State)
442,Patricia,Sullivan,Saint Martin
443,Tabitha,Wilkins,Bosnia and Herzegovina
444,Jeremy,Perkins,Gambia
445,Anna,Wall,Andorra
446,Joseph,Holt,Macedonia
447,Sandra,Rodriguez,Anguilla
448,Christine,Dixon,Micronesia
449,Amy,Williams,Liechtenstein
450,Sarah,Krause,Canada
451,Mikayla,Walker,Jersey
452,Sylvia,Elliott,Hungary
453,Tara,Todd,Tokelau
454,Janet,Finley,Holy See (Vatican City State)
455,David,Smith,Samoa
456,Mary,Davis,Fiji
457,Cody,Sosa,British Indian Ocean Territory (Chagos Archipelago)
458,Jeffrey,Montgomery,Qatar
459,Samuel,Vaughn,Nepal
460,Daniel,Chen,Bermuda
461,Ryan,Alexander,Saint Kitts and Nevis
462,Cole,Knight,Cambodia
463,Maria,Miller,El Salvador
464,Douglas,Mata,Cook Islands
465,Sarah,French,United Kingdom
466,Philip,Tucker,Guadeloupe
467,Dawn,Pham,Korea
468,Neil,Olson,Slovenia
469,Renee,Jones,Mauritania
470,Ronnie,Perez,Tuvalu
471,Colin,Barnett,Dominica
472,Rebecca,Pierce,Anguilla
473,Stephen,Martinez,Venezuela
474,Robert,Mcintyre,Myanmar
475,Michael,Rose,Heard Island and McDonald Islands
476,Maria,Payne,Japan
477,Debbie,Haynes,Wallis and Futuna
478,Mason,Myers,American Samoa
479,Melissa,Howell,South Georgia and the South Sandwich Islands
480,Christopher,Mcfarland,Jersey
481,Karen,Smith,Italy
482,Ricardo,Powers,Singapore
483,Kelly,Bailey,Ethiopia
484,Raymond,Hardin,Northern Mariana Islands
485,Jeffery,Thomas,Ecuador
486,Cassidy,Stewart,Serbia
487,Nathan,Williams,Belarus
488,James,Fisher,Germany
489,Robert,Martinez,Somalia
490,Larry,Ramsey,Honduras
491,Dawn,Robbins,Bouvet Island (Bouvetoya)
492,Tammy,Austin,Cameroon
493,Teresa,Morton,Sudan
494,Craig,Wilson,Senegal
495,Mark,Perkins,Micronesia
496,Jessica,Shaw,Congo
497,Glenn,Wolfe,Italy
498,Sara,Davis,Latvia
499,Bradley,Ramos,Saint Lucia
500,Jennifer,Little,Mali
501,Barbara,Cruz,Mongolia
502,Jennifer,Hanson,Norway
503,Katie,Davis,Cuba
504,William,Miller,Iceland
505,Daniel,Ramirez,Fiji
506,Ariel,Smith,Montenegro
507,Amanda,Hamilton,Armenia
508,Dorothy,Nichols,Tokelau
509,Crystal,Mitchell,Bolivia
510,Michael,Pena,Indonesia
511,Janice,Tyler,Puerto Rico
512,Kevin,Park,Ethiopia
513,Cynthia,Riley,Oman
514,Tiffany,Martin,Sierra Leone
515,Jennifer,Arellano,Guadeloupe
516,Michelle,Bennett,Montserrat
517,Tina,Harding,Cyprus
518,Veronica,Hall,San Marino
519,Angela,Wagner,Belize
520,Albert,Peterson,Saint Pierre and Miquelon
521,Rachel,Walker,French Guiana
522,Meghan,Smith,Moldova
523,Whitney,Nelson,Sweden
524,Jason,Osborne,Palau
525,Tony,English,Belize
526,Meredith,Freeman,Norfolk Island
527,Russell,Williams,Jamaica
528,Robert,Simmons,Palau
529,Christina,Owens,Venezuela
530,Danielle,Davis,Madagascar
531,Antonio,Cook,Morocco
532,Patrick,Torres,Saint Lucia
533,Paul,Anderson,Angola
534,Chad,Harris,United States of America
535,Sara,Watson,Mexico
536,Cory,Turner,Brunei Darussalam
537,Brenda,Thomas,Afghanistan
538,Priscilla,Rogers,China
539,Leah,Williams,French Guiana
540,Robert,Wilson,Russian Federation
541,Dawn,Campos,Cook Islands
542,Michael,Barajas,Venezuela
543,Tracey,Gross,Singapore
544,Trevor,Nelson,Ecuador
545,Perry,Mathews,Malawi
546,Steven,Myers,Cuba
547,Mark,Griffin,Ukraine
548,Dylan,Stark,Egypt
549,Carlos,Dean,Germany
550,Dawn,Castillo,Saint Barthelemy
551,Jose,Riley,Eritrea
552,Charles,Schroeder,Uganda
553,Mark,Miller,Somalia
554,Shannon,Reeves,Cameroon
555,Marissa,Reed,Slovakia (Slovak Republic)
556,Angela,Gilbert,Montenegro
557,Sarah,Michael,Georgia
558,David,Perez,Cyprus
559,Sarah,Nelson,Sri Lanka
560,Maria,Campbell,Chile
561,Michelle,Boyle,Morocco
562,Nancy,Rice,Portugal
563,Mark,Grant,Dominican Republic
564,Laurie,Mayo,Norfolk Island
565,Laura,Tapia,Syrian Arab Republic
566,Morgan,Moore,Jersey
567,Angela,Oconnell,Andorra
568,John,Harrison,Philippines
569,Kenneth,Winters,Dominica
570,Ashley,Rogers,Falkland Islands (Malvinas)
571,Billy,Owen,Albania
572,Zachary,Oneill,Kazakhstan
573,Eric,Edwards,Bahamas
574,Elizabeth,Alexander,Dominica
575,Jeremy,Boone,United States Minor Outlying Islands
576,Jessica,Schmidt,Somalia
577,Steven,Harrell,Guinea-Bissau
578,Joseph,Marquez,Timor-Leste
579,Kristopher,Henry,Panama
580,Michael,Mcclure,Equatorial Guinea
581,Monique,Huff,Argentina
582,Jennifer,Gould,Saint Helena
583,Crystal,Pope,Poland
584,Phillip,Curtis,Cote d'Ivoire
585,Brittany,Hamilton,Mali
586,Shawn,Cruz,Armenia
587,Annette,Williams,Chile
588,Laura,Brooks,Azerbaijan
589,Brandon,Francis,Bulgaria
590,Adam,Hayes,Niue
591,Christopher,Mcdaniel,Montenegro
592,Marie,Lopez,Trinidad and Tobago
593,Eric,Webb,Niue
594,Bryan,Olson,New Zealand
595,Eric,Blanchard,Malaysia
596,Ryan,Jones,Svalbard & Jan Mayen Islands
597,Leslie,Phillips,Luxembourg
598,Troy,Coleman,Timor-Leste
599,Matthew,Webb,Northern Mariana Islands
600,Aaron,White,Argentina
601,Kristen,Brown,Iraq
602,Martin,Wood,Nicaragua
603,Angela,Ruiz,Iraq
604,James,Kelly,Denmark
605,Raymond,Jimenez,South Georgia and the South Sandwich Islands
606,Leonard,Stephenson,Saint Martin
607,Susan,Alexander,Grenada
608,Cameron,Howell,Suriname
609,Anthony,Kelley,Armenia
610,Kenneth,Johnson,Congo
611,Lisa,Murray,British Virgin Islands
612,Michael,Wilson,Liberia
613,Deanna,Rollins,Bahrain
614,Cameron,Hanna,Palestinian Territory
615,Ronald,Ramirez,Norway
616,Elizabeth,Smith,Guatemala
617,Randall,Carr,Montenegro
618,Susan,Thompson,Iceland
619,Denise,Collins,South Africa
620,Kevin,Jones,Mayotte
621,Steven,Gutierrez,Belize
622,Alexa,Miranda,Malaysia
623,Christina,Miller,Chile
624,Alex,Juarez,French Polynesia
625,Patrick,Rice,Germany
626,Charles,Carter,Myanmar
627,Kimberly,Webster,Kenya
628,Brandon,Martinez,Philippines
629,Elijah,Rodriguez,Somalia
630,Nicholas,Martinez,Monaco
631,Joshua,Barnes,Gabon
632,Valerie,Kerr,Western Sahara
633,Paul,Benjamin,Paraguay
634,Robert,Kaufman,Tanzania
635,Sheila,Hill,Rwanda
636,Laura,Solis,Algeria
637,Corey,Collins,El Salvador
638,Michael,Aguilar,Japan
639,Kristin,Duran,Tanzania
640,Maria,Galloway,Niger
641,Stephanie,Stanley,Hungary
642,Joann,Gomez,Grenada
643,Patrick,Garrett,Guatemala
644,Justin,Shelton,Netherlands
645,Monica,Foster,Netherlands
646,Norma,Tyler,Bouvet Island (Bouvetoya)
647,Matthew,Gilbert,United States Virgin Islands
648,Anthony,Pierce,San Marino
649,Taylor,Hardy,Ecuador
650,Robin,Stewart,Greece
651,Bethany,Cameron,Azerbaijan
652,Catherine,Gutierrez,Serbia
653,Crystal,Jones,Gabon
654,Kenneth,Rollins,Austria
655,Christina,Black,Armenia
656,Jeanette,Moon,Romania
657,Johnny,Cook,Iceland
658,Amy,Garza,Kuwait
659,Kayla,Johnson,Guadeloupe
660,Daniel,Rivera,Mauritius
661,Kathryn,Bryant,Saint Kitts and Nevis
662,Emily,Holden,Saint Pierre and Miquelon
663,Penny,Morgan,Jamaica
664,Melissa,Cruz,Anguilla
665,Jeffrey,King,Ethiopia
666,Angela,Barron,Eritrea
667,Jessica,Steele,Portugal
668,Felicia,Hunter,Luxembourg
669,Ricardo,Hardin,Eritrea
670,Andrew,Curry,Belgium
671,Sara,White,Cambodia
672,Daniel,Cruz,Kyrgyz Republic
673,Daniel,Hanna,Benin
674,Diana,Morris,Samoa
675,Brian,Reyes,Congo
676,Jill,Morris,Saudi Arabia
677,Erin,Evans,Belize
678,Ashley,Fox,Cuba
679,Wayne,Buchanan,Tokelau
680,Amy,Carr,British Virgin Islands
681,Sheena,Dominguez,Northern Mariana Islands
682,Lindsay,Johnson,Belarus
683,Ryan,Phillips,Ghana
684,Lauren,Abbott,Georgia
685,Danielle,Gilbert,Venezuela
686,Pamela,Beard,Central African Republic
687,Jesse,Hamilton,Slovenia
688,Alexander,Patterson,Cook Islands
689,Lisa,Adams,Christmas Island
690,Donald,Jones,Mexico
691,Lori,Davis,Poland
692,Mary,Bennett,Botswana
693,Sarah,Mann,Papua New Guinea
694,Tammy,Diaz,Moldova
695,Brandi,Murphy,Romania
696,Amy,Watson,Benin
697,Danielle,Palmer,Equatorial Guinea
698,Rachel,Chapman,Fiji
699,Lisa,Coleman,United Kingdom
700,Tanya,Walker,Slovenia
701,Daniel,Gomez,Belgium
702,Robert,Bell,Somalia
703,Robin,Graves,Peru
704,Donna,Jones,Papua New Guinea
705,Brandon,Holmes,Slovenia
706,Pamela,Cox,Chile
707,Shannon,Klein,Eritrea
708,Albert,Durham,Netherlands Antilles
709,Keith,Alvarado,Congo
710,Adam,Reid,Iraq
711,Robert,Hubbard,Germany
712,Mathew,Delacruz,Ghana
713,Tanya,Benson,South Georgia and the South Sandwich Islands
714,Debra,Lucas,Tajikistan
715,Felicia,Williams,United States of America
716,Suzanne,Dawson,Gabon
717,Anthony,Collins,Fiji
718,Jacob,Jones,Martinique
719,Linda,Lee,Finland
720,Carla,Frazier,Turkmenistan
721,Shannon,Jackson,Liberia
722,Wendy,Garza,Dominica
723,Willie,Gallegos,Bhutan
724,Nathan,Stafford,Luxembourg
725,Richard,Briggs,Botswana
726,Brenda,Barker,Lithuania
727,Joseph,Warren,Heard Island and McDonald Islands
728,Megan,Moore,Ethiopia
729,Kayla,Hayes,Andorra
730,Robert,Andrews,Algeria
731,Andrew,James,Svalbard & Jan Mayen Islands
732,Christopher,Hamilton,Kuwait
733,Heather,Waller,Micronesia
734,Michele,Gonzalez,Egypt
735,Samantha,Bell,Benin
736,Katherine,Robinson,Greece
737,Steven,Marquez,Lesotho
738,Caitlin,Swanson,Guinea-Bissau
739,Krista,Hudson,Palestinian Territory
740,Katie,Mathews,Faroe Islands
741,Randy,Alexander,Saint Kitts and Nevis
742,Benjamin,Lam,Bermuda
743,Christie,King,South Georgia and the South Sandwich Islands
744,Aaron,Dodson,Guam
745,Katherine,Sexton,Christmas Island
746,Aaron,Gonzalez,El Salvador
747,Erin,Williams,Tajikistan
748,Angela,Maldonado,Uganda
749,Yolanda,Martinez,French Guiana
750,Alexander,Malone,Russian Federation
751,Cristina,David,Qatar
752,Derek,Sexton,Suriname
753,Donald,Davies,United States Virgin Islands
754,Kristina,Ponce,Burundi
755,Christine,Noble,Rwanda
756,Jacob,Anderson,New Caledonia
757,Thomas,Glover,Madagascar
758,Amy,Moreno,Nepal
759,Christy,Cantrell,Gibraltar
760,Justin,Johnson,Mozambique
761,Alex,Evans,Yemen
762,Wendy,Johnson,Sudan
763,William,Mason,India
764,Brandi,Garcia,Lebanon
765,Jessica,Allen,Iraq
766,Robert,Ramirez,Taiwan
767,Monica,Daniel,Switzerland
768,Laura,Black,Guam
769,Mary,Brown,Guinea-Bissau
770,Brittany,Smith,Thailand
771,Stephanie,Davidson,Serbia
772,Victor,Knapp,Kiribati
773,Lauren,Welch,Israel
774,Veronica,Munoz,Denmark
775,Sandra,Morris,Turkmenistan
776,Robert,Lester,Burkina Faso
777,Robert,Alvarez,Togo
778,Audrey,Gibson,Switzerland
779,Robert,Richmond,Benin
780,Jamie,Hoover,Gabon
781,Richard,Herrera,Belgium
782,Wayne,Todd,Cape Verde
783,Jennifer,Cannon,Brunei Darussalam
784,Alexis,Smith,Kyrgyz Republic
785,James,Bowers,Romania
786,Donald,Taylor,Ethiopia
787,David,Parker,Bolivia
788,Tammy,Smith,Equatorial Guinea
789,Deanna,Salas,Belize
790,Andrew,Malone,Slovakia (Slovak Republic)
791,Kathryn,Taylor,Finland
792,Kayla,Estrada,Bulgaria
793,Christopher,Brown,Israel
794,Nicholas,Sanchez,Tokelau
795,Justin,Hudson,Turkey
796,Christopher,Phillips,Bosnia and Herzegovina
797,Scott,Diaz,Sri Lanka
798,Chad,Hinton,Guernsey
799,Leslie,Martinez,Liberia
800,Jamie,Dominguez,Singapore
