order_id,order_date,customer_id,order_status,product_id,seller_id
1,2024-02-26,56,Pending,90,1
2,2024-02-07,437,Pending,152,8
3,2024-01-05,209,Cancelled,549,9
4,2024-03-06,654,Pending,220,4
5,2024-02-22,475,Pending,107,1
6,2024-03-23,178,Pending,594,3
7,2024-03-03,27,Delivered,369,8
8,2024-03-02,164,Cancelled,195,2
9,2024-03-22,285,Shipped,50,6
10,2024-02-26,716,Shipped,443,4
11,2024-01-09,59,Pending,155,6
12,2024-01-10,575,Shipped,732,8
13,2024-03-23,47,Cancelled,526,3
14,2024-01-18,664,Cancelled,68,5
15,2024-01-29,78,Shipped,508,8
16,2024-03-29,358,Delivered,431,1
17,2024-01-16,160,Cancelled,494,6
18,2024-01-13,255,Cancelled,469,1
19,2024-03-30,575,Delivered,335,9
20,2024-02-04,454,Pending,47,2
21,2024-01-20,474,Pending,421,3
22,2024-02-15,443,Delivered,98,6
23,2024-01-12,292,Pending,664,1
24,2024-03-26,332,Cancelled,24,5
25,2024-01-06,183,Cancelled,186,9
26,2024-01-04,622,Shipped,4,1
27,2024-01-22,142,Pending,309,2
28,2024-03-28,385,Delivered,716,9
29,2024-01-08,263,Shipped,751,1
30,2024-02-06,788,Delivered,342,8
31,2024-03-08,290,Shipped,676,2
32,2024-01-02,259,Cancelled,300,4
33,2024-02-03,269,Cancelled,702,6
34,2024-03-14,418,Shipped,454,2
35,2024-01-24,403,Cancelled,556,8
36,2024-01-11,369,Shipped,213,2
37,2024-01-31,56,Cancelled,800,9
38,2024-03-11,92,Cancelled,131,2
39,2024-03-05,329,Shipped,171,4
40,2024-02-07,414,Shipped,796,9
41,2024-03-15,425,Delivered,672,3
42,2024-03-17,545,Pending,758,9
43,2024-03-25,347,Shipped,326,5
44,2024-02-22,9,Cancelled,212,2
45,2024-02-11,608,Pending,675,3
46,2024-03-13,377,Delivered,65,1
47,2024-01-08,706,Cancelled,154,5
48,2024-01-31,411,Cancelled,726,7
49,2024-02-11,229,Shipped,609,2
50,2024-01-27,210,Shipped,214,9
51,2024-01-18,94,Cancelled,533,8
52,2024-03-28,650,Pending,158,3
53,2024-02-25,314,Delivered,641,8
54,2024-01-22,609,Shipped,12,9
55,2024-03-19,578,Cancelled,730,9
56,2024-02-04,410,Cancelled,354,6
57,2024-03-19,772,Delivered,589,3
58,2024-03-14,424,Pending,212,1
59,2024-01-06,63,Pending,547,6
60,2024-02-08,319,Shipped,378,9
61,2024-02-13,19,Pending,489,3
62,2024-01-18,93,Pending,124,3
63,2024-02-01,227,Delivered,441,7
64,2024-02-08,24,Cancelled,449,3
65,2024-03-10,121,Shipped,192,2
66,2024-03-09,482,Pending,85,5
67,2024-01-03,40,Pending,357,4
68,2024-02-19,727,Cancelled,358,5
69,2024-02-08,10,Pending,632,3
70,2024-02-27,726,Shipped,718,9
71,2024-03-25,642,Cancelled,553,6
72,2024-02-21,597,Cancelled,252,9
73,2024-01-19,576,Pending,634,5
74,2024-03-25,688,Pending,102,8
75,2024-02-25,622,Pending,499,2
76,2024-03-22,573,Pending,599,3
77,2024-02-09,549,Delivered,75,4
78,2024-01-01,636,Delivered,674,3
79,2024-01-30,545,Delivered,774,2
80,2024-02-22,21,Delivered,499,1
81,2024-03-18,702,Pending,508,4
82,2024-03-19,518,Cancelled,577,3
83,2024-02-27,368,Delivered,221,2
84,2024-01-30,434,Delivered,790,4
85,2024-02-01,324,Delivered,351,8
86,2024-03-22,265,Pending,238,8
87,2024-02-05,446,Pending,4,5
88,2024-01-21,632,Pending,368,6
89,2024-03-08,632,Delivered,424,7
90,2024-01-17,540,Shipped,172,8
91,2024-02-01,646,Shipped,461,1
92,2024-01-10,763,Pending,7,5
93,2024-03-15,4,Cancelled,201,6
94,2024-01-07,645,Shipped,153,4
95,2024-02-22,358,Pending,414,1
96,2024-03-19,281,Cancelled,319,6
97,2024-02-24,43,Cancelled,113,6
98,2024-01-11,533,Shipped,173,4
99,2024-02-23,607,Pending,461,1
100,2024-02-15,583,Delivered,758,4
101,2024-01-26,31,Delivered,388,4
102,2024-03-08,587,Shipped,412,4
103,2024-01-03,23,Delivered,96,7
104,2024-03-29,141,Shipped,465,8
105,2024-03-21,701,Delivered,678,3
106,2024-01-07,777,Delivered,118,4
107,2024-03-31,772,Delivered,55,7
108,2024-01-23,476,Pending,781,6
109,2024-01-14,658,Cancelled,651,5
110,2024-01-02,80,Cancelled,389,9
111,2024-01-27,693,Shipped,104,8
112,2024-02-22,346,Pending,746,2
113,2024-02-15,411,Cancelled,399,4
114,2024-03-12,590,Pending,366,5
115,2024-01-20,56,Pending,560,4
116,2024-02-14,684,Delivered,458,2
117,2024-02-28,368,Pending,174,7
118,2024-01-02,355,Delivered,207,8
119,2024-01-24,478,Shipped,249,5
120,2024-03-04,298,Cancelled,711,9
121,2024-03-25,343,Pending,473,5
122,2024-01-04,369,Delivered,280,5
123,2024-01-20,602,Cancelled,723,4
124,2024-01-09,701,Shipped,348,1
125,2024-01-13,628,Delivered,684,8
126,2024-03-16,566,Delivered,242,8
127,2024-03-30,740,Shipped,269,6
128,2024-03-15,738,Delivered,290,6
129,2024-03-10,392,Delivered,65,2
130,2024-03-23,327,Delivered,599,2
131,2024-02-14,114,Delivered,717,5
132,2024-03-16,649,Delivered,700,3
133,2024-01-12,481,Cancelled,726,4
134,2024-02-27,515,Pending,180,7
135,2024-03-12,465,Shipped,648,1
136,2024-01-19,382,Shipped,372,3
137,2024-01-14,363,Cancelled,56,4
138,2024-02-09,556,Pending,138,3
139,2024-02-05,37,Cancelled,556,7
140,2024-01-09,177,Cancelled,706,4
141,2024-03-23,640,Shipped,219,1
142,2024-01-19,619,Shipped,295,1
143,2024-03-09,91,Shipped,87,5
144,2024-02-09,512,Shipped,242,3
145,2024-01-30,694,Shipped,71,8
146,2024-01-05,732,Shipped,393,8
147,2024-03-05,761,Cancelled,388,5
148,2024-03-20,145,Shipped,362,1
149,2024-02-25,491,Cancelled,378,9
150,2024-03-21,322,Shipped,254,6
151,2024-03-16,399,Delivered,261,9
152,2024-01-24,466,Delivered,727,7
153,2024-02-22,794,Delivered,99,9
154,2024-01-28,531,Shipped,788,6
155,2024-03-15,681,Pending,776,1
156,2024-02-24,347,Pending,554,2
157,2024-02-28,338,Shipped,612,8
158,2024-03-12,456,Cancelled,7,4
159,2024-01-17,767,Pending,580,4
160,2024-02-07,178,Pending,309,2
161,2024-02-06,11,Delivered,56,8
162,2024-03-12,223,Shipped,143,7
163,2024-03-13,199,Delivered,120,3
164,2024-01-13,283,Pending,72,9
165,2024-02-02,293,Pending,800,1
166,2024-01-18,637,Cancelled,490,7
167,2024-03-26,757,Delivered,452,2
168,2024-03-21,398,Delivered,661,8
169,2024-03-10,13,Delivered,677,7
170,2024-03-12,457,Pending,473,1
171,2024-03-17,553,Shipped,310,1
172,2024-03-06,689,Delivered,72,9
173,2024-01-21,629,Shipped,216,1
174,2024-01-05,376,Pending,740,3
175,2024-02-20,529,Shipped,31,5
176,2024-01-23,606,Delivered,631,1
177,2024-03-22,544,Pending,598,6
178,2024-03-06,734,Cancelled,169,6
179,2024-01-14,100,Cancelled,692,1
180,2024-03-05,410,Pending,245,6
181,2024-02-05,176,Cancelled,399,2
182,2024-03-02,332,Delivered,400,5
183,2024-03-07,202,Pending,460,4
184,2024-03-03,57,Cancelled,69,3
185,2024-03-11,741,Pending,659,1
186,2024-02-20,312,Delivered,160,7
187,2024-01-27,454,Pending,762,2
188,2024-01-15,665,Pending,753,8
189,2024-02-08,301,Shipped,142,2
190,2024-01-31,169,Delivered,361,5
191,2024-01-20,359,Pending,168,2
192,2024-01-24,793,Pending,606,5
193,2024-01-04,103,Delivered,28,3
194,2024-03-01,610,Delivered,277,6
195,2024-02-01,93,Pending,756,2
196,2024-03-01,299,Pending,628,9
197,2024-02-20,303,Shipped,735,2
198,2024-02-11,560,Pending,151,1
199,2024-02-11,506,Shipped,471,5
200,2024-01-14,692,Pending,550,8
201,2024-01-29,775,Cancelled,580,8
202,2024-03-02,452,Delivered,664,2
203,2024-02-13,617,Cancelled,186,7
204,2024-01-18,500,Cancelled,348,5
205,2024-01-27,155,Delivered,705,6
206,2024-01-22,751,Pending,58,6
207,2024-03-29,317,Shipped,187,4
208,2024-03-07,346,Cancelled,724,9
209,2024-02-09,217,Shipped,237,7
210,2024-01-17,749,Cancelled,341,7
211,2024-02-20,791,Shipped,166,5
212,2024-03-13,3,Delivered,421,5
213,2024-02-16,349,Delivered,42,8
214,2024-01-25,121,Pending,32,2
215,2024-03-20,379,Delivered,142,6
216,2024-01-08,202,Delivered,366,9
217,2024-02-29,704,Pending,741,9
218,2024-01-11,122,Cancelled,736,9
219,2024-03-10,599,Shipped,495,5
220,2024-03-24,757,Delivered,33,5
221,2024-03-01,23,Shipped,262,7
222,2024-03-27,765,Pending,110,7
223,2024-01-16,756,Delivered,35,7
224,2024-03-01,73,Delivered,173,5
225,2024-03-20,211,Pending,594,8
226,2024-03-27,734,Shipped,655,3
227,2024-01-04,24,Pending,346,6
228,2024-03-06,92,Cancelled,482,9
229,2024-01-25,93,Shipped,752,8
230,2024-01-03,660,Cancelled,133,7
231,2024-01-14,412,Shipped,79,8
232,2024-03-27,496,Pending,638,9
233,2024-03-04,635,Pending,695,3
234,2024-02-02,477,Delivered,622,2
235,2024-01-06,789,Delivered,327,6
236,2024-02-04,426,Shipped,646,7
237,2024-01-09,189,Delivered,111,1
238,2024-02-15,535,Shipped,310,7
239,2024-02-23,201,Cancelled,202,8
240,2024-03-24,69,Cancelled,598,9
241,2024-02-04,752,Shipped,653,6
242,2024-03-25,113,Cancelled,651,2
243,2024-01-26,449,Cancelled,109,2
244,2024-02-18,461,Cancelled,755,4
245,2024-02-19,535,Delivered,53,7
246,2024-03-26,1,Cancelled,266,8
247,2024-01-28,69,Cancelled,25,1
248,2024-01-16,153,Delivered,647,2
249,2024-03-18,233,Shipped,777,8
250,2024-02-13,583,Pending,650,8
251,2024-02-10,346,Pending,234,3
252,2024-03-24,130,Pending,798,3
253,2024-01-06,203,Pending,599,9
254,2024-01-23,423,Pending,404,8
255,2024-02-26,177,Delivered,118,2
256,2024-03-13,300,Pending,634,3
257,2024-02-22,606,Cancelled,155,6
258,2024-02-28,347,Cancelled,8,6
259,2024-02-04,370,Cancelled,440,4
260,2024-01-08,128,Pending,543,9
261,2024-03-30,355,Cancelled,357,1
262,2024-03-03,698,Delivered,560,2
263,2024-02-20,475,Cancelled,627,5
264,2024-01-16,498,Pending,610,1
265,2024-02-01,364,Delivered,545,8
266,2024-02-20,328,Delivered,620,9
267,2024-02-09,357,Delivered,15,2
268,2024-01-21,763,Shipped,215,8
269,2024-01-20,763,Delivered,31,9
270,2024-02-22,654,Pending,583,2
271,2024-01-23,25,Cancelled,479,5
272,2024-03-25,99,Shipped,60,5
273,2024-01-23,209,Shipped,74,7
274,2024-01-18,580,Cancelled,658,5
275,2024-03-28,161,Shipped,442,4
276,2024-02-14,424,Cancelled,378,7
277,2024-02-20,5,Shipped,490,3
278,2024-01-09,742,Pending,527,6
279,2024-03-06,7,Delivered,700,3
280,2024-02-26,606,Cancelled,187,7
281,2024-01-11,166,Cancelled,740,5
282,2024-03-14,754,Pending,82,4
283,2024-03-27,258,Delivered,40,5
284,2024-01-17,2,Cancelled,365,9
285,2024-01-27,428,Pending,508,8
286,2024-01-30,450,Delivered,127,4
287,2024-02-22,247,Pending,456,4
288,2024-02-12,677,Shipped,688,5
289,2024-01-20,600,Pending,251,9
290,2024-01-12,66,Pending,134,8
291,2024-02-04,597,Cancelled,759,5
292,2024-02-06,43,Cancelled,593,1
293,2024-02-27,29,Pending,446,1
294,2024-02-02,560,Cancelled,571,3
295,2024-01-08,363,Shipped,35,7
296,2024-02-01,136,Delivered,169,9
297,2024-01-10,107,Cancelled,472,4
298,2024-02-20,439,Pending,658,7
299,2024-01-14,372,Shipped,53,3
300,2024-01-05,240,Shipped,442,8
301,2024-01-09,120,Delivered,656,8
302,2024-03-14,457,Pending,527,6
303,2024-02-10,241,Pending,624,5
304,2024-02-17,560,Shipped,180,6
305,2024-01-28,351,Cancelled,672,6
306,2024-03-22,250,Pending,30,7
307,2024-03-19,546,Shipped,617,1
308,2024-03-28,38,Pending,434,3
309,2024-01-07,282,Shipped,69,6
310,2024-01-13,577,Shipped,713,3
311,2024-03-10,291,Shipped,475,6
312,2024-02-16,328,Cancelled,301,3
313,2024-03-09,606,Cancelled,708,4
314,2024-03-27,26,Delivered,503,8
315,2024-01-21,573,Cancelled,558,4
316,2024-03-20,104,Cancelled,4,2
317,2024-03-26,598,Delivered,411,2
318,2024-02-01,512,Delivered,641,3
319,2024-01-17,318,Shipped,725,4
320,2024-01-27,292,Delivered,394,2
321,2024-03-30,366,Cancelled,714,6
322,2024-03-28,227,Shipped,646,4
323,2024-01-26,655,Shipped,620,2
324,2024-02-12,370,Shipped,331,5
325,2024-01-28,137,Delivered,19,2
326,2024-01-22,221,Shipped,313,2
327,2024-03-16,744,Cancelled,490,1
328,2024-01-28,214,Delivered,246,2
329,2024-03-03,153,Shipped,768,3
330,2024-01-19,53,Shipped,642,6
331,2024-03-22,665,Delivered,379,7
332,2024-03-25,3,Cancelled,244,2
333,2024-03-22,82,Pending,671,5
334,2024-02-13,124,Delivered,186,7
335,2024-03-15,362,Shipped,751,9
336,2024-03-21,259,Shipped,774,6
337,2024-03-27,97,Shipped,27,9
338,2024-02-02,607,Cancelled,731,1
339,2024-01-14,174,Pending,181,7
340,2024-03-24,799,Delivered,719,1
341,2024-01-13,562,Cancelled,149,4
342,2024-03-23,595,Shipped,790,8
343,2024-02-14,567,Shipped,270,9
344,2024-01-13,391,Cancelled,295,1
345,2024-03-25,615,Shipped,145,8
346,2024-01-03,298,Pending,625,7
347,2024-01-05,178,Cancelled,149,9
348,2024-03-07,596,Shipped,221,5
349,2024-02-07,153,Pending,756,7
350,2024-01-23,505,Delivered,92,6
351,2024-01-24,271,Pending,751,8
352,2024-02-08,132,Pending,748,9
353,2024-02-20,21,Cancelled,596,4
354,2024-02-23,353,Cancelled,203,7
355,2024-02-21,512,Pending,636,6
356,2024-03-23,200,Pending,691,7
357,2024-03-26,702,Shipped,140,6
358,2024-02-06,665,Delivered,712,8
359,2024-02-06,196,Cancelled,406,3
360,2024-03-18,136,Pending,772,7
361,2024-02-15,125,Cancelled,114,8
362,2024-02-01,131,Delivered,353,8
363,2024-02-26,526,Shipped,653,6
364,2024-02-06,82,Cancelled,466,8
365,2024-03-14,769,Delivered,340,2
366,2024-01-30,519,Cancelled,18,6
367,2024-03-09,4,Shipped,646,1
368,2024-03-04,474,Delivered,117,4
369,2024-03-26,796,Cancelled,108,1
370,2024-03-05,417,Pending,95,7
371,2024-03-10,10,Delivered,545,9
372,2024-01-04,532,Pending,746,5
373,2024-03-22,290,Shipped,382,8
374,2024-01-22,67,Delivered,280,1
375,2024-01-03,664,Delivered,698,6
376,2024-01-04,720,Delivered,510,2
377,2024-01-05,488,Cancelled,303,6
378,2024-02-20,237,Shipped,283,9
379,2024-01-13,63,Cancelled,655,5
380,2024-02-11,186,Cancelled,427,1
381,2024-03-17,586,Pending,280,3
382,2024-01-06,500,Pending,734,3
383,2024-01-02,50,Delivered,143,6
384,2024-03-09,125,Shipped,665,3
385,2024-02-18,698,Delivered,107,1
386,2024-03-05,759,Delivered,596,8
387,2024-03-26,311,Cancelled,73,3
388,2024-01-25,768,Delivered,431,8
389,2024-03-08,301,Shipped,316,5
390,2024-02-02,491,Cancelled,181,6
391,2024-01-19,63,Delivered,593,6
392,2024-01-22,585,Delivered,60,4
393,2024-01-20,156,Pending,305,9
394,2024-01-14,155,Shipped,414,1
395,2024-01-05,156,Delivered,31,4
396,2024-02-17,529,Cancelled,243,1
397,2024-02-21,532,Pending,771,6
398,2024-01-07,254,Cancelled,244,2
399,2024-01-04,18,Pending,557,4
400,2024-03-20,402,Pending,394,4
401,2024-01-08,388,Shipped,456,9
402,2024-03-06,138,Cancelled,620,3
403,2024-01-13,427,Cancelled,258,7
404,2024-02-04,651,Shipped,716,3
405,2024-02-02,752,Cancelled,35,3
406,2024-01-07,677,Delivered,514,9
407,2024-02-08,356,Pending,144,5
408,2024-02-12,620,Pending,246,4
409,2024-03-27,63,Pending,68,2
410,2024-01-10,253,Pending,779,1
411,2024-03-15,158,Pending,429,4
412,2024-01-05,55,Delivered,411,1
413,2024-03-05,518,Delivered,785,5
414,2024-01-15,356,Delivered,783,2
415,2024-02-12,500,Shipped,145,8
416,2024-01-05,744,Pending,572,4
417,2024-01-07,13,Pending,415,8
418,2024-01-12,777,Delivered,312,1
419,2024-01-17,418,Shipped,628,1
420,2024-01-30,411,Delivered,236,2
421,2024-02-10,313,Cancelled,549,4
422,2024-03-29,676,Cancelled,267,1
423,2024-01-22,105,Delivered,253,6
424,2024-01-05,568,Cancelled,60,7
425,2024-02-03,344,Shipped,41,9
426,2024-02-18,575,Cancelled,588,8
427,2024-03-24,425,Shipped,189,6
428,2024-03-09,495,Cancelled,687,1
429,2024-02-19,447,Delivered,765,1
430,2024-03-29,377,Delivered,219,6
431,2024-01-15,109,Pending,340,7
432,2024-01-29,4,Pending,764,8
433,2024-02-26,451,Shipped,586,1
434,2024-02-29,765,Delivered,425,4
435,2024-01-14,797,Cancelled,148,8
436,2024-02-02,308,Cancelled,566,1
437,2024-02-04,770,Shipped,196,1
438,2024-01-17,7,Pending,729,9
439,2024-01-17,365,Pending,302,3
440,2024-02-11,277,Cancelled,546,4
441,2024-03-01,658,Delivered,739,8
442,2024-03-14,538,Delivered,580,4
443,2024-02-05,545,Shipped,554,7
444,2024-01-06,179,Cancelled,126,4
445,2024-01-29,643,Delivered,151,6
446,2024-01-28,708,Shipped,167,1
447,2024-03-15,790,Pending,572,3
448,2024-02-06,211,Delivered,711,2
449,2024-01-07,167,Delivered,199,1
450,2024-02-25,140,Pending,380,6
451,2024-01-07,486,Shipped,616,5
452,2024-01-05,205,Shipped,158,8
453,2024-02-01,166,Pending,492,4
454,2024-01-12,314,Cancelled,708,8
455,2024-01-13,307,Shipped,644,2
456,2024-01-29,580,Cancelled,507,6
457,2024-03-10,147,Delivered,536,4
458,2024-03-22,592,Delivered,209,8
459,2024-02-02,616,Pending,716,6
460,2024-01-08,501,Delivered,259,8
461,2024-03-25,731,Pending,407,4
462,2024-02-26,359,Pending,177,4
463,2024-02-06,501,Delivered,87,3
464,2024-03-25,140,Cancelled,262,9
465,2024-01-26,735,Cancelled,674,5
466,2024-01-10,152,Cancelled,704,9
467,2024-03-31,551,Shipped,554,6
468,2024-02-22,365,Delivered,555,3
469,2024-02-27,645,Cancelled,568,2
470,2024-03-07,599,Pending,424,5
471,2024-03-21,347,Shipped,697,6
472,2024-01-25,444,Cancelled,758,9
473,2024-02-09,41,Delivered,257,9
474,2024-02-12,323,Pending,82,5
475,2024-01-12,455,Pending,81,6
476,2024-03-24,416,Pending,51,8
477,2024-01-06,315,Pending,747,1
478,2024-01-09,315,Pending,644,7
479,2024-03-12,629,Delivered,493,3
480,2024-02-06,336,Cancelled,39,8
481,2024-02-29,665,Cancelled,533,8
482,2024-03-18,761,Cancelled,587,4
483,2024-02-16,222,Shipped,289,9
484,2024-03-02,241,Cancelled,457,4
485,2024-02-10,460,Pending,275,9
486,2024-01-14,166,Cancelled,249,1
487,2024-03-30,169,Pending,364,9
488,2024-03-23,351,Pending,544,4
489,2024-01-28,374,Shipped,292,4
490,2024-01-27,374,Shipped,737,5
491,2024-01-11,143,Pending,10,9
492,2024-01-12,62,Pending,244,2
493,2024-02-20,494,Delivered,563,2
494,2024-03-13,468,Pending,398,2
495,2024-03-03,663,Pending,591,2
496,2024-01-21,575,Cancelled,689,1
497,2024-03-25,791,Delivered,129,8
498,2024-01-18,26,Delivered,337,2
499,2024-02-09,795,Shipped,165,6
500,2024-01-09,740,Shipped,269,7
501,2024-01-07,371,Pending,586,1
502,2024-02-11,608,Cancelled,245,9
503,2024-03-14,412,Delivered,426,1
504,2024-02-27,743,Cancelled,26,8
505,2024-03-20,329,Shipped,365,9
506,2024-01-25,387,Cancelled,165,2
507,2024-02-02,498,Shipped,266,9
508,2024-03-11,740,Delivered,792,4
509,2024-02-26,149,Pending,668,7
510,2024-02-23,621,Pending,701,4
511,2024-03-21,159,Cancelled,551,4
512,2024-02-04,183,Shipped,526,8
513,2024-03-05,475,Pending,261,7
514,2024-02-16,57,Pending,345,6
515,2024-02-24,134,Delivered,142,1
516,2024-03-11,781,Delivered,41,1
517,2024-03-19,625,Delivered,541,9
518,2024-02-13,741,Delivered,528,2
519,2024-03-06,58,Shipped,514,1
520,2024-03-21,132,Pending,271,3
521,2024-03-07,581,Delivered,272,3
522,2024-01-17,254,Shipped,12,6
523,2024-01-11,762,Shipped,787,7
524,2024-01-28,19,Shipped,268,9
525,2024-03-10,706,Pending,637,2
526,2024-01-20,570,Delivered,714,7
527,2024-03-21,546,Shipped,11,5
528,2024-02-06,127,Shipped,699,5
529,2024-01-30,464,Shipped,17,8
530,2024-02-14,287,Cancelled,740,1
531,2024-03-19,609,Pending,609,3
532,2024-01-20,306,Cancelled,645,3
533,2024-03-17,348,Cancelled,137,7
534,2024-03-23,523,Pending,203,9
535,2024-02-27,378,Pending,171,8
536,2024-01-23,199,Delivered,722,4
537,2024-03-14,668,Pending,131,9
538,2024-01-06,157,Cancelled,328,5
539,2024-02-20,623,Shipped,235,1
540,2024-03-02,289,Delivered,271,8
541,2024-02-05,42,Cancelled,599,5
542,2024-01-25,373,Shipped,425,4
543,2024-02-10,385,Shipped,121,8
544,2024-02-20,467,Pending,237,7
545,2024-02-17,603,Cancelled,233,4
546,2024-02-09,677,Shipped,526,7
547,2024-03-23,392,Pending,50,4
548,2024-03-25,363,Delivered,527,9
549,2024-03-02,565,Delivered,103,1
550,2024-01-16,738,Delivered,215,7
551,2024-01-04,320,Delivered,760,4
552,2024-03-04,26,Cancelled,227,8
553,2024-03-23,594,Cancelled,47,8
554,2024-02-27,30,Cancelled,112,1
555,2024-02-24,563,Shipped,39,8
556,2024-01-12,346,Shipped,717,7
557,2024-02-22,380,Pending,691,8
558,2024-02-13,430,Cancelled,772,7
559,2024-01-26,524,Cancelled,332,5
560,2024-01-20,124,Delivered,689,9
561,2024-02-06,656,Shipped,687,4
562,2024-02-08,304,Pending,101,6
563,2024-02-07,101,Cancelled,535,7
564,2024-02-09,227,Pending,86,9
565,2024-01-21,465,Cancelled,487,2
566,2024-01-14,585,Shipped,314,1
567,2024-01-30,709,Pending,306,4
568,2024-02-21,755,Shipped,227,2
569,2024-03-07,775,Delivered,543,9
570,2024-03-25,280,Pending,464,2
571,2024-03-28,780,Shipped,244,7
572,2024-01-28,120,Shipped,166,2
573,2024-01-03,263,Shipped,123,6
574,2024-03-11,3,Shipped,774,6
575,2024-01-31,582,Delivered,393,5
576,2024-01-29,613,Delivered,337,8
577,2024-02-06,699,Delivered,422,5
578,2024-01-16,466,Cancelled,659,6
579,2024-02-04,531,Shipped,757,9
580,2024-01-20,213,Delivered,711,3
581,2024-01-16,637,Delivered,425,7
582,2024-01-19,161,Shipped,415,5
583,2024-02-25,788,Shipped,766,9
584,2024-02-19,633,Pending,454,4
585,2024-01-05,211,Shipped,223,3
586,2024-01-18,380,Pending,304,7
587,2024-02-09,464,Cancelled,284,3
588,2024-02-04,510,Cancelled,693,6
589,2024-03-12,2,Delivered,294,6
590,2024-01-01,224,Shipped,452,9
591,2024-01-20,568,Delivered,50,9
592,2024-03-10,304,Cancelled,455,9
593,2024-03-25,655,Pending,273,7
594,2024-01-16,53,Shipped,653,1
595,2024-03-27,110,Delivered,436,4
596,2024-01-10,460,Delivered,764,7
597,2024-03-07,462,Pending,553,3
598,2024-03-12,133,Cancelled,325,7
599,2024-02-03,272,Pending,63,4
600,2024-02-17,556,Shipped,57,8
601,2024-01-11,591,Shipped,342,4
602,2024-03-14,792,Shipped,1,6
603,2024-01-11,486,Pending,741,9
604,2024-02-07,584,Shipped,508,7
605,2024-01-20,152,Cancelled,49,1
606,2024-03-04,654,Delivered,122,9
607,2024-03-03,798,Shipped,522,8
608,2024-01-14,66,Cancelled,488,9
609,2024-03-24,75,Cancelled,608,6
610,2024-03-28,492,Shipped,472,3
611,2024-01-22,345,Shipped,555,6
612,2024-01-29,524,Cancelled,377,6
613,2024-01-22,253,Shipped,146,4
614,2024-02-28,242,Shipped,393,7
615,2024-01-30,455,Pending,65,1
616,2024-03-07,686,Shipped,435,4
617,2024-01-13,532,Cancelled,77,7
618,2024-02-19,250,Cancelled,344,5
619,2024-02-08,321,Shipped,109,8
620,2024-02-01,449,Delivered,599,7
621,2024-02-03,743,Pending,560,4
622,2024-03-09,40,Shipped,479,2
623,2024-03-20,491,Shipped,13,8
624,2024-02-21,34,Shipped,784,6
625,2024-02-20,141,Pending,455,2
626,2024-01-18,332,Delivered,723,1
627,2024-01-06,424,Delivered,69,2
628,2024-02-14,259,Cancelled,413,5
629,2024-03-21,515,Cancelled,419,2
630,2024-02-13,289,Shipped,624,7
631,2024-03-01,179,Shipped,269,7
632,2024-03-17,220,Shipped,486,2
633,2024-03-13,112,Shipped,68,8
634,2024-02-02,486,Pending,446,3
635,2024-03-27,587,Cancelled,399,4
636,2024-01-14,707,Shipped,245,6
637,2024-01-07,612,Pending,492,8
638,2024-02-27,656,Shipped,85,3
639,2024-01-12,478,Pending,234,6
640,2024-02-11,26,Delivered,154,4
641,2024-02-19,646,Delivered,527,8
642,2024-03-13,87,Cancelled,793,3
643,2024-01-09,359,Cancelled,112,2
644,2024-03-20,531,Cancelled,543,7
645,2024-01-25,445,Shipped,462,6
646,2024-03-09,90,Delivered,662,7
647,2024-01-27,314,Cancelled,383,2
648,2024-03-05,179,Delivered,437,3
649,2024-02-04,9,Pending,690,3
650,2024-03-28,195,Pending,217,1
651,2024-01-18,748,Pending,2,2
652,2024-02-12,449,Cancelled,279,5
653,2024-02-11,300,Delivered,760,1
654,2024-01-21,435,Shipped,772,5
655,2024-03-12,646,Shipped,163,4
656,2024-02-19,578,Shipped,352,6
657,2024-03-25,585,Pending,629,3
658,2024-02-22,302,Shipped,404,5
659,2024-02-29,471,Cancelled,402,9
660,2024-01-17,25,Cancelled,642,9
661,2024-01-01,485,Pending,296,9
662,2024-01-06,142,Cancelled,180,6
663,2024-03-15,146,Cancelled,58,3
664,2024-02-25,508,Shipped,736,4
665,2024-01-04,240,Shipped,123,3
666,2024-03-25,481,Pending,555,4
667,2024-02-29,752,Shipped,53,2
668,2024-01-01,425,Delivered,494,5
669,2024-01-15,777,Pending,782,4
670,2024-02-20,577,Delivered,505,2
671,2024-02-25,657,Pending,125,1
672,2024-02-08,243,Delivered,147,3
673,2024-03-07,334,Shipped,714,7
674,2024-03-22,243,Delivered,593,1
675,2024-01-12,378,Shipped,294,5
676,2024-03-26,568,Pending,234,6
677,2024-01-22,420,Pending,442,1
678,2024-02-24,764,Cancelled,267,3
679,2024-01-16,124,Cancelled,431,5
680,2024-01-20,615,Shipped,122,8
681,2024-01-28,238,Pending,747,4
682,2024-01-10,46,Cancelled,731,6
683,2024-01-03,697,Pending,734,5
684,2024-02-02,692,Delivered,363,4
685,2024-03-19,87,Cancelled,595,2
686,2024-03-12,392,Shipped,118,7
687,2024-02-04,369,Pending,70,3
688,2024-03-31,50,Delivered,700,4
689,2024-02-17,638,Pending,86,5
690,2024-01-14,482,Shipped,375,1
691,2024-02-02,51,Cancelled,308,4
692,2024-03-06,126,Pending,796,3
693,2024-01-29,327,Shipped,252,2
694,2024-01-25,568,Cancelled,701,1
695,2024-03-29,89,Shipped,43,9
696,2024-03-10,53,Shipped,339,1
697,2024-01-12,630,Pending,1,4
698,2024-01-07,24,Delivered,581,9
699,2024-03-12,85,Delivered,166,5
700,2024-02-17,54,Cancelled,749,3
701,2024-03-30,564,Delivered,218,5
702,2024-01-14,670,Cancelled,531,1
703,2024-01-29,478,Shipped,228,8
704,2024-03-03,292,Pending,449,2
705,2024-02-22,465,Shipped,75,1
706,2024-03-21,594,Pending,72,1
707,2024-03-10,166,Delivered,515,5
708,2024-03-11,51,Shipped,340,4
709,2024-03-18,599,Delivered,64,5
710,2024-01-25,565,Pending,287,1
711,2024-01-12,33,Delivered,91,6
712,2024-03-11,362,Pending,398,3
713,2024-02-11,61,Pending,396,3
714,2024-01-18,398,Shipped,326,5
715,2024-02-13,509,Cancelled,509,5
716,2024-03-13,559,Pending,228,1
717,2024-03-01,432,Cancelled,605,5
718,2024-01-08,566,Cancelled,280,3
719,2024-02-28,668,Delivered,83,1
720,2024-03-01,315,Pending,751,9
721,2024-03-03,117,Shipped,367,7
722,2024-02-27,111,Delivered,731,2
723,2024-03-09,687,Cancelled,717,2
724,2024-02-14,741,Shipped,574,2
725,2024-02-18,209,Delivered,730,9
726,2024-03-17,625,Cancelled,681,5
727,2024-03-10,609,Shipped,635,5
728,2024-03-01,123,Cancelled,773,6
729,2024-01-07,178,Pending,392,6
730,2024-02-05,351,Pending,372,1
731,2024-02-17,146,Delivered,531,9
732,2024-02-04,410,Pending,197,4
733,2024-02-17,713,Cancelled,728,1
734,2024-01-18,490,Cancelled,317,8
735,2024-03-28,173,Shipped,115,6
736,2024-02-15,5,Shipped,84,9
737,2024-01-03,546,Cancelled,12,6
738,2024-02-03,285,Delivered,153,5
739,2024-02-07,238,Cancelled,595,4
740,2024-02-10,35,Pending,92,1
741,2024-02-20,129,Cancelled,527,9
742,2024-03-06,205,Cancelled,207,4
743,2024-01-01,605,Shipped,279,6
744,2024-03-23,276,Cancelled,451,1
745,2024-03-29,253,Shipped,448,4
746,2024-01-20,781,Cancelled,65,1
747,2024-01-15,618,Pending,417,2
748,2024-01-06,154,Cancelled,167,6
749,2024-02-03,353,Shipped,139,7
750,2024-01-29,441,Pending,159,4
751,2024-02-15,81,Shipped,466,3
752,2024-01-08,193,Pending,444,9
753,2024-01-05,183,Shipped,58,5
754,2024-02-15,473,Delivered,443,6
755,2024-03-10,489,Delivered,784,5
756,2024-03-14,684,Delivered,653,4
757,2024-02-06,608,Pending,267,9
758,2024-02-25,37,Delivered,528,3
759,2024-02-17,53,Pending,465,8
760,2024-03-11,43,Pending,477,7
761,2024-03-20,480,Delivered,412,9
762,2024-03-03,131,Delivered,20,5
763,2024-02-11,628,Cancelled,363,1
764,2024-03-11,557,Pending,700,7
765,2024-01-24,293,Delivered,259,5
766,2024-03-17,109,Shipped,639,5
767,2024-02-22,746,Cancelled,463,1
768,2024-02-19,53,Shipped,497,8
769,2024-03-24,445,Delivered,658,3
770,2024-02-23,744,Cancelled,780,6
771,2024-01-28,280,Cancelled,251,2
772,2024-01-10,778,Delivered,106,5
773,2024-01-11,466,Delivered,244,8
774,2024-02-29,676,Delivered,596,1
775,2024-03-08,303,Shipped,338,6
776,2024-03-24,301,Cancelled,644,9
777,2024-03-13,258,Shipped,664,8
778,2024-02-09,59,Shipped,629,5
779,2024-02-05,117,Delivered,331,4
780,2024-01-10,637,Cancelled,175,2
781,2024-01-01,294,Cancelled,83,3
782,2024-02-07,75,Pending,135,4
783,2024-02-25,209,Pending,205,5
784,2024-01-03,547,Pending,241,1
785,2024-02-25,583,Delivered,366,2
786,2024-03-07,573,Pending,208,9
787,2024-01-31,726,Cancelled,237,5
788,2024-02-24,87,Delivered,386,9
789,2024-02-09,395,Pending,646,1
790,2024-01-08,650,Pending,176,2
791,2024-01-03,620,Cancelled,292,8
792,2024-02-14,257,Delivered,603,6
793,2024-01-07,15,Cancelled,106,2
794,2024-01-13,780,Delivered,240,8
795,2024-03-29,715,Pending,604,4
796,2024-03-11,3,Cancelled,458,3
797,2024-03-10,550,Pending,43,1
798,2024-03-20,296,Cancelled,545,9
799,2024-02-19,463,Shipped,126,7
800,2024-03-04,756,Shipped,524,5
