payment_id,payment_date,payment_mode,payment_status,order_id
1,2024-03-20,Gift Card,Completed,385
2,2024-03-10,Gift Card,Failed,167
3,2024-03-14,Credit Card,Failed,350
4,2024-03-09,Gift Card,Failed,534
5,2024-03-19,Credit Card,Pending,737
6,2024-03-17,Gift Card,Completed,192
7,2024-03-08,Credit Card,Failed,38
8,2024-03-14,PayPal,Completed,263
9,2024-03-19,Gift Card,Completed,734
10,2024-03-30,Credit Card,Pending,776
11,2024-03-20,Gift Card,Completed,693
12,2024-03-02,Credit Card,Completed,527
13,2024-03-19,PayPal,Completed,185
14,2024-03-13,Gift Card,Completed,520
15,2024-03-04,PayPal,Failed,83
16,2024-03-21,Credit Card,Failed,387
17,2024-03-10,Credit Card,Failed,651
18,2024-03-30,Gift Card,Failed,251
19,2024-03-18,Credit Card,Failed,644
20,2024-03-25,Gift Card,Failed,266
21,2024-03-21,PayPal,Failed,395
22,2024-03-25,PayPal,Failed,384
23,2024-03-29,Gift Card,Completed,751
24,2024-03-23,Credit Card,Pending,755
25,2024-03-24,PayPal,Completed,151
26,2024-03-03,Gift Card,Pending,114
27,2024-03-20,Credit Card,Failed,123
28,2024-03-13,Gift Card,Completed,627
29,2024-03-29,Gift Card,Completed,26
30,2024-03-27,Gift Card,Failed,266
31,2024-03-12,Gift Card,Failed,589
32,2024-03-10,Credit Card,Pending,86
33,2024-03-07,Gift Card,Failed,139
34,2024-03-26,Gift Card,Pending,482
35,2024-03-13,PayPal,Pending,373
36,2024-03-17,PayPal,Failed,414
37,2024-03-27,Credit Card,Pending,754
38,2024-03-27,Credit Card,Completed,229
39,2024-03-07,Credit Card,Failed,656
40,2024-03-09,PayPal,Failed,268
41,2024-03-20,Gift Card,Failed,644
42,2024-03-24,Credit Card,Completed,136
43,2024-03-02,Credit Card,Completed,22
44,2024-03-13,Gift Card,Failed,754
45,2024-03-16,Credit Card,Failed,665
46,2024-03-24,Gift Card,Failed,495
47,2024-03-02,PayPal,Failed,191
48,2024-03-23,Credit Card,Pending,110
49,2024-03-14,Gift Card,Completed,540
50,2024-03-21,PayPal,Failed,25
51,2024-03-07,PayPal,Pending,135
52,2024-03-14,Gift Card,Pending,194
53,2024-03-12,Credit Card,Completed,536
54,2024-03-09,Credit Card,Failed,114
55,2024-03-16,Credit Card,Completed,256
56,2024-03-13,Credit Card,Failed,642
57,2024-03-11,Gift Card,Completed,746
58,2024-03-12,Gift Card,Completed,569
59,2024-03-09,PayPal,Pending,230
60,2024-03-25,Credit Card,Pending,780
61,2024-03-23,PayPal,Pending,461
62,2024-03-30,PayPal,Pending,664
63,2024-03-16,Credit Card,Pending,208
64,2024-03-15,PayPal,Failed,630
65,2024-03-11,Gift Card,Completed,731
66,2024-03-16,PayPal,Failed,631
67,2024-03-14,Credit Card,Completed,300
68,2024-03-02,Credit Card,Pending,553
69,2024-03-03,Credit Card,Failed,459
70,2024-03-02,PayPal,Completed,557
71,2024-03-08,Credit Card,Failed,780
72,2024-03-07,Gift Card,Completed,89
73,2024-03-16,Gift Card,Completed,348
74,2024-03-15,PayPal,Completed,409
75,2024-03-24,Credit Card,Failed,648
76,2024-03-04,Gift Card,Failed,362
77,2024-03-05,Credit Card,Failed,476
78,2024-03-23,Gift Card,Failed,700
79,2024-03-10,Credit Card,Failed,768
80,2024-03-21,Credit Card,Completed,243
81,2024-03-14,Gift Card,Completed,654
82,2024-03-16,PayPal,Failed,604
83,2024-03-04,Credit Card,Completed,388
84,2024-03-28,PayPal,Failed,741
85,2024-03-22,Credit Card,Pending,634
86,2024-03-14,Gift Card,Failed,359
87,2024-03-16,PayPal,Completed,175
88,2024-03-17,PayPal,Pending,70
89,2024-03-04,PayPal,Completed,747
90,2024-03-24,Gift Card,Completed,433
91,2024-03-31,PayPal,Failed,224
92,2024-03-27,Credit Card,Pending,710
93,2024-03-06,PayPal,Pending,385
94,2024-03-09,Gift Card,Pending,680
95,2024-03-18,Credit Card,Completed,441
96,2024-03-20,Credit Card,Failed,477
97,2024-03-28,Credit Card,Completed,544
98,2024-03-17,Gift Card,Pending,229
99,2024-03-26,Credit Card,Pending,362
100,2024-03-29,Credit Card,Pending,443
101,2024-03-12,Gift Card,Failed,457
102,2024-03-27,PayPal,Completed,221
103,2024-03-31,Gift Card,Pending,780
104,2024-03-13,Gift Card,Failed,183
105,2024-03-29,Gift Card,Completed,406
106,2024-03-08,PayPal,Completed,246
107,2024-03-11,PayPal,Completed,719
108,2024-03-18,Gift Card,Completed,526
109,2024-03-02,Credit Card,Completed,272
110,2024-03-25,Credit Card,Completed,724
111,2024-03-04,Credit Card,Pending,696
112,2024-03-16,Credit Card,Pending,443
113,2024-03-23,Gift Card,Failed,285
114,2024-03-13,Gift Card,Completed,185
115,2024-03-04,PayPal,Pending,785
116,2024-03-07,Credit Card,Pending,601
117,2024-03-09,Credit Card,Failed,471
118,2024-03-04,PayPal,Failed,672
119,2024-03-18,PayPal,Pending,133
120,2024-03-04,Credit Card,Pending,676
121,2024-03-20,Gift Card,Pending,403
122,2024-03-16,Gift Card,Failed,759
123,2024-03-20,Gift Card,Pending,679
124,2024-03-24,Gift Card,Pending,796
125,2024-03-06,PayPal,Failed,147
126,2024-03-18,PayPal,Completed,86
127,2024-03-30,PayPal,Pending,410
128,2024-03-19,Credit Card,Completed,411
129,2024-03-17,Credit Card,Pending,547
130,2024-03-07,Credit Card,Failed,710
131,2024-03-16,Credit Card,Completed,726
132,2024-03-18,Credit Card,Failed,477
133,2024-03-12,Gift Card,Failed,365
134,2024-03-16,Credit Card,Failed,193
135,2024-03-09,Gift Card,Pending,434
136,2024-03-03,PayPal,Completed,497
137,2024-03-07,Credit Card,Failed,8
138,2024-03-05,Credit Card,Failed,352
139,2024-03-29,PayPal,Completed,431
140,2024-03-10,Credit Card,Completed,278
141,2024-03-07,Gift Card,Completed,454
142,2024-03-15,Gift Card,Failed,20
143,2024-03-23,Credit Card,Failed,618
144,2024-03-25,Credit Card,Completed,306
145,2024-03-24,PayPal,Failed,606
146,2024-03-02,PayPal,Completed,402
147,2024-03-29,PayPal,Pending,223
148,2024-03-09,Credit Card,Completed,615
149,2024-03-16,Gift Card,Pending,107
150,2024-03-06,Credit Card,Failed,599
151,2024-03-08,PayPal,Pending,47
152,2024-03-14,PayPal,Failed,535
153,2024-03-24,Credit Card,Completed,756
154,2024-03-09,PayPal,Pending,6
155,2024-03-13,Gift Card,Completed,296
156,2024-03-14,PayPal,Completed,46
157,2024-03-08,Gift Card,Completed,466
158,2024-03-30,Gift Card,Pending,166
159,2024-03-05,Gift Card,Pending,711
160,2024-03-07,Gift Card,Completed,600
161,2024-03-18,Credit Card,Failed,129
162,2024-03-14,PayPal,Completed,421
163,2024-03-08,Credit Card,Completed,737
164,2024-03-22,Credit Card,Pending,100
165,2024-03-25,Gift Card,Failed,637
166,2024-03-09,Gift Card,Failed,407
167,2024-03-09,PayPal,Completed,509
168,2024-03-07,Credit Card,Pending,195
169,2024-03-12,Gift Card,Failed,654
170,2024-03-02,Credit Card,Failed,147
171,2024-03-14,PayPal,Pending,246
172,2024-03-21,Gift Card,Failed,25
173,2024-03-18,PayPal,Failed,192
174,2024-03-12,Gift Card,Failed,647
175,2024-03-14,PayPal,Failed,748
176,2024-03-26,Credit Card,Pending,616
177,2024-03-15,PayPal,Failed,377
178,2024-03-17,Credit Card,Pending,45
179,2024-03-22,PayPal,Failed,436
180,2024-03-20,PayPal,Completed,575
181,2024-03-21,Credit Card,Pending,543
182,2024-03-24,Gift Card,Pending,319
183,2024-03-05,Credit Card,Pending,365
184,2024-03-06,PayPal,Failed,230
185,2024-03-20,Gift Card,Pending,694
186,2024-03-16,PayPal,Pending,697
187,2024-03-19,Credit Card,Pending,483
188,2024-03-13,Gift Card,Pending,769
189,2024-03-20,Credit Card,Completed,329
190,2024-03-06,Gift Card,Failed,557
191,2024-03-25,Gift Card,Pending,612
192,2024-03-31,PayPal,Failed,151
193,2024-03-28,Gift Card,Pending,644
194,2024-03-28,PayPal,Pending,371
195,2024-03-16,Credit Card,Completed,677
196,2024-03-16,Gift Card,Failed,324
197,2024-03-19,Gift Card,Pending,13
198,2024-03-29,Credit Card,Pending,660
199,2024-03-30,PayPal,Completed,579
200,2024-03-12,Credit Card,Pending,562
201,2024-03-02,PayPal,Failed,142
202,2024-03-22,Credit Card,Pending,301
203,2024-03-15,Gift Card,Pending,563
204,2024-03-09,Credit Card,Pending,567
205,2024-03-04,Credit Card,Completed,376
206,2024-03-03,PayPal,Pending,258
207,2024-03-16,PayPal,Failed,150
208,2024-03-20,Credit Card,Pending,714
209,2024-03-21,Gift Card,Completed,44
210,2024-03-07,PayPal,Failed,48
211,2024-03-15,Gift Card,Pending,298
212,2024-03-22,PayPal,Failed,538
213,2024-03-20,Gift Card,Pending,624
214,2024-03-10,Credit Card,Failed,257
215,2024-03-24,Gift Card,Pending,498
216,2024-03-21,Gift Card,Pending,680
217,2024-03-26,Credit Card,Failed,118
218,2024-03-20,Gift Card,Pending,632
219,2024-03-20,Gift Card,Completed,37
220,2024-03-14,PayPal,Pending,24
221,2024-03-06,Credit Card,Completed,581
222,2024-03-23,PayPal,Pending,269
223,2024-03-21,Gift Card,Pending,747
224,2024-03-14,PayPal,Completed,733
225,2024-03-15,Credit Card,Failed,84
226,2024-03-16,Credit Card,Failed,143
227,2024-03-20,Gift Card,Failed,351
228,2024-03-23,Credit Card,Failed,325
229,2024-03-24,Credit Card,Failed,250
230,2024-03-27,Credit Card,Failed,81
231,2024-03-07,Credit Card,Pending,337
232,2024-03-08,PayPal,Failed,177
233,2024-03-06,PayPal,Pending,454
234,2024-03-04,PayPal,Failed,202
235,2024-03-15,Credit Card,Pending,150
236,2024-03-26,PayPal,Failed,165
237,2024-03-30,Gift Card,Pending,798
238,2024-03-11,Gift Card,Pending,472
239,2024-03-24,Gift Card,Pending,136
240,2024-03-12,PayPal,Pending,362
241,2024-03-06,Credit Card,Pending,63
242,2024-03-05,PayPal,Completed,660
243,2024-03-10,PayPal,Failed,126
244,2024-03-05,Credit Card,Completed,216
245,2024-03-16,Credit Card,Failed,388
246,2024-03-22,Credit Card,Completed,740
247,2024-03-20,Credit Card,Pending,77
248,2024-03-11,Gift Card,Failed,617
249,2024-03-11,Credit Card,Pending,551
250,2024-03-19,Gift Card,Completed,734
251,2024-03-09,Credit Card,Failed,788
252,2024-03-11,Credit Card,Completed,616
253,2024-03-10,PayPal,Completed,564
254,2024-03-10,PayPal,Pending,575
255,2024-03-21,PayPal,Pending,607
256,2024-03-05,PayPal,Pending,725
257,2024-03-16,Gift Card,Failed,492
258,2024-03-04,PayPal,Pending,202
259,2024-03-05,Credit Card,Completed,70
260,2024-03-17,Credit Card,Failed,422
261,2024-03-24,Credit Card,Completed,60
262,2024-03-19,Gift Card,Pending,699
263,2024-03-17,PayPal,Failed,420
264,2024-03-20,PayPal,Pending,347
265,2024-03-17,Credit Card,Pending,736
266,2024-03-17,Gift Card,Completed,3
267,2024-03-14,Gift Card,Completed,375
268,2024-03-19,Gift Card,Failed,301
269,2024-03-03,PayPal,Pending,545
270,2024-03-07,Gift Card,Completed,67
271,2024-03-02,Gift Card,Completed,499
272,2024-03-29,PayPal,Failed,632
273,2024-03-09,PayPal,Failed,475
274,2024-03-24,PayPal,Completed,332
275,2024-03-26,PayPal,Pending,410
276,2024-03-22,Gift Card,Completed,33
277,2024-03-21,Gift Card,Failed,466
278,2024-03-31,Credit Card,Completed,255
279,2024-03-13,Credit Card,Completed,572
280,2024-03-29,Gift Card,Completed,365
281,2024-03-06,Credit Card,Pending,689
282,2024-03-13,Credit Card,Failed,360
283,2024-03-29,PayPal,Failed,788
284,2024-03-02,Credit Card,Completed,104
285,2024-03-30,Gift Card,Pending,340
286,2024-03-23,Gift Card,Pending,718
287,2024-03-17,PayPal,Completed,773
288,2024-03-25,PayPal,Failed,509
289,2024-03-15,Gift Card,Pending,346
290,2024-03-11,Gift Card,Failed,116
291,2024-03-27,Credit Card,Completed,197
292,2024-03-23,Credit Card,Completed,578
293,2024-03-05,PayPal,Pending,24
294,2024-03-13,Gift Card,Pending,216
295,2024-03-18,Gift Card,Pending,198
296,2024-03-08,Credit Card,Completed,187
297,2024-03-15,PayPal,Completed,75
298,2024-03-25,PayPal,Pending,219
299,2024-03-09,Gift Card,Failed,751
300,2024-03-24,Gift Card,Completed,57
301,2024-03-25,Gift Card,Failed,159
302,2024-03-10,PayPal,Failed,482
303,2024-03-29,Gift Card,Completed,306
304,2024-03-19,Gift Card,Pending,659
305,2024-03-30,Credit Card,Failed,675
306,2024-03-31,Gift Card,Failed,185
307,2024-03-10,Credit Card,Pending,367
308,2024-03-05,Credit Card,Pending,620
309,2024-03-08,PayPal,Completed,587
310,2024-03-26,PayPal,Failed,60
311,2024-03-21,PayPal,Failed,277
312,2024-03-12,PayPal,Failed,478
313,2024-03-13,PayPal,Pending,744
314,2024-03-24,PayPal,Failed,213
315,2024-03-24,Credit Card,Pending,449
316,2024-03-19,Credit Card,Failed,487
317,2024-03-17,Gift Card,Failed,10
318,2024-03-29,PayPal,Pending,67
319,2024-03-06,Credit Card,Pending,658
320,2024-03-16,PayPal,Failed,388
321,2024-03-13,PayPal,Failed,194
322,2024-03-31,Gift Card,Failed,504
323,2024-03-17,Credit Card,Completed,259
324,2024-03-12,Gift Card,Failed,182
325,2024-03-12,Credit Card,Pending,723
326,2024-03-24,Gift Card,Pending,478
327,2024-03-06,PayPal,Completed,143
328,2024-03-02,PayPal,Failed,638
329,2024-03-17,Gift Card,Completed,167
330,2024-03-31,Gift Card,Failed,523
331,2024-03-08,PayPal,Completed,258
332,2024-03-17,PayPal,Completed,612
333,2024-03-31,PayPal,Failed,231
334,2024-03-09,Gift Card,Pending,258
335,2024-03-31,PayPal,Pending,262
336,2024-03-21,PayPal,Completed,536
337,2024-03-26,Credit Card,Completed,207
338,2024-03-14,Credit Card,Pending,557
339,2024-03-11,PayPal,Failed,474
340,2024-03-26,Gift Card,Failed,111
341,2024-03-29,PayPal,Completed,5
342,2024-03-02,Gift Card,Failed,765
343,2024-03-22,PayPal,Failed,692
344,2024-03-27,Credit Card,Failed,777
345,2024-03-28,PayPal,Failed,604
346,2024-03-02,Credit Card,Failed,328
347,2024-03-25,Gift Card,Completed,425
348,2024-03-22,PayPal,Failed,105
349,2024-03-05,Credit Card,Failed,11
350,2024-03-06,Gift Card,Pending,520
351,2024-03-06,Credit Card,Pending,34
352,2024-03-13,Credit Card,Completed,29
353,2024-03-22,Credit Card,Completed,310
354,2024-03-27,Credit Card,Failed,601
355,2024-03-02,Gift Card,Failed,499
356,2024-03-21,Gift Card,Pending,215
357,2024-03-26,Credit Card,Pending,343
358,2024-03-16,PayPal,Pending,764
359,2024-03-21,Gift Card,Failed,98
360,2024-03-25,PayPal,Pending,7
361,2024-03-29,Credit Card,Pending,508
362,2024-03-22,Credit Card,Completed,397
363,2024-03-04,Credit Card,Pending,689
364,2024-03-12,PayPal,Pending,248
365,2024-03-24,Gift Card,Failed,116
366,2024-03-23,PayPal,Pending,5
367,2024-03-12,Gift Card,Failed,305
368,2024-03-17,Gift Card,Completed,84
369,2024-03-25,Credit Card,Pending,579
370,2024-03-07,PayPal,Completed,746
371,2024-03-19,Credit Card,Failed,604
372,2024-03-22,Credit Card,Failed,531
373,2024-03-22,Gift Card,Pending,640
374,2024-03-29,Gift Card,Completed,129
375,2024-03-08,Credit Card,Failed,362
376,2024-03-15,Gift Card,Completed,430
377,2024-03-04,PayPal,Failed,50
378,2024-03-11,Gift Card,Failed,33
379,2024-03-08,Gift Card,Pending,704
380,2024-03-07,PayPal,Pending,273
381,2024-03-13,Credit Card,Completed,733
382,2024-03-15,Credit Card,Failed,750
383,2024-03-28,Credit Card,Completed,186
384,2024-03-15,PayPal,Failed,728
385,2024-03-13,PayPal,Pending,534
386,2024-03-02,Credit Card,Failed,501
387,2024-03-13,Credit Card,Pending,564
388,2024-03-09,Gift Card,Completed,281
389,2024-03-12,Gift Card,Failed,741
390,2024-03-17,PayPal,Pending,617
391,2024-03-07,Gift Card,Pending,643
392,2024-03-23,Credit Card,Completed,526
393,2024-03-14,PayPal,Failed,83
394,2024-03-26,Credit Card,Pending,279
395,2024-03-05,Credit Card,Completed,471
396,2024-03-31,PayPal,Failed,8
397,2024-03-02,PayPal,Completed,564
398,2024-03-17,PayPal,Pending,761
399,2024-03-13,Gift Card,Failed,527
400,2024-03-12,Gift Card,Failed,22
401,2024-03-22,Gift Card,Completed,645
402,2024-03-13,Credit Card,Failed,698
403,2024-03-15,PayPal,Failed,773
404,2024-03-19,Gift Card,Pending,713
405,2024-03-09,PayPal,Completed,439
406,2024-03-21,Credit Card,Failed,684
407,2024-03-04,Credit Card,Completed,705
408,2024-03-22,Gift Card,Completed,574
409,2024-03-03,PayPal,Completed,712
410,2024-03-22,Credit Card,Failed,92
411,2024-03-25,Credit Card,Completed,636
412,2024-03-21,PayPal,Pending,175
413,2024-03-15,Credit Card,Failed,414
414,2024-03-21,Credit Card,Pending,257
415,2024-03-29,Gift Card,Pending,767
416,2024-03-26,Gift Card,Completed,407
417,2024-03-12,Gift Card,Pending,168
418,2024-03-18,Gift Card,Pending,584
419,2024-03-03,PayPal,Failed,793
420,2024-03-18,PayPal,Pending,208
421,2024-03-17,Gift Card,Completed,250
422,2024-03-26,Gift Card,Failed,83
423,2024-03-24,Gift Card,Pending,473
424,2024-03-09,PayPal,Failed,747
425,2024-03-23,PayPal,Pending,502
426,2024-03-23,Gift Card,Failed,710
427,2024-03-27,PayPal,Failed,589
428,2024-03-22,Gift Card,Completed,402
429,2024-03-04,PayPal,Failed,128
430,2024-03-18,PayPal,Completed,173
431,2024-03-29,Gift Card,Failed,298
432,2024-03-17,Gift Card,Pending,356
433,2024-03-19,PayPal,Pending,762
434,2024-03-05,Credit Card,Failed,214
435,2024-03-22,Gift Card,Pending,575
436,2024-03-27,PayPal,Failed,229
437,2024-03-06,Credit Card,Failed,775
438,2024-03-24,Credit Card,Failed,673
439,2024-03-10,Gift Card,Completed,523
440,2024-03-09,Gift Card,Failed,208
441,2024-03-14,Gift Card,Completed,142
442,2024-03-10,Credit Card,Completed,758
443,2024-03-19,PayPal,Pending,316
444,2024-03-14,PayPal,Pending,120
445,2024-03-31,Credit Card,Failed,343
446,2024-03-24,Credit Card,Completed,360
447,2024-03-05,PayPal,Failed,692
448,2024-03-19,PayPal,Failed,466
449,2024-03-03,Credit Card,Completed,644
450,2024-03-22,Credit Card,Pending,121
451,2024-03-04,Credit Card,Completed,462
452,2024-03-04,PayPal,Failed,206
453,2024-03-18,PayPal,Completed,593
454,2024-03-05,Gift Card,Failed,312
455,2024-03-13,Credit Card,Completed,364
456,2024-03-21,Credit Card,Failed,657
457,2024-03-08,Gift Card,Pending,775
458,2024-03-17,PayPal,Completed,630
459,2024-03-04,PayPal,Pending,117
460,2024-03-04,Credit Card,Completed,428
461,2024-03-21,Credit Card,Pending,521
462,2024-03-11,Credit Card,Completed,768
463,2024-03-20,Credit Card,Pending,209
464,2024-03-17,Gift Card,Pending,700
465,2024-03-10,Gift Card,Failed,667
466,2024-03-07,Credit Card,Pending,537
467,2024-03-07,Gift Card,Pending,255
468,2024-03-19,Gift Card,Completed,436
469,2024-03-25,PayPal,Completed,372
470,2024-03-26,Credit Card,Completed,151
471,2024-03-02,Gift Card,Pending,77
472,2024-03-30,PayPal,Pending,381
473,2024-03-19,Credit Card,Pending,153
474,2024-03-06,PayPal,Completed,705
475,2024-03-18,PayPal,Completed,776
476,2024-03-14,Gift Card,Pending,357
477,2024-03-26,Credit Card,Failed,460
478,2024-03-05,PayPal,Pending,712
479,2024-03-24,Credit Card,Completed,11
480,2024-03-09,Gift Card,Completed,258
481,2024-03-20,Gift Card,Completed,653
482,2024-03-16,Credit Card,Completed,77
483,2024-03-11,PayPal,Completed,227
484,2024-03-22,PayPal,Completed,434
485,2024-03-22,Gift Card,Failed,665
486,2024-03-25,PayPal,Pending,577
487,2024-03-30,PayPal,Pending,15
488,2024-03-07,PayPal,Failed,500
489,2024-03-27,Credit Card,Pending,638
490,2024-03-02,Gift Card,Failed,572
491,2024-03-08,PayPal,Failed,235
492,2024-03-19,Gift Card,Failed,753
493,2024-03-09,Credit Card,Failed,124
494,2024-03-22,Gift Card,Pending,110
495,2024-03-30,Credit Card,Pending,373
496,2024-03-18,Gift Card,Completed,698
497,2024-03-26,PayPal,Failed,561
498,2024-03-25,PayPal,Pending,474
499,2024-03-23,Credit Card,Completed,185
500,2024-03-14,PayPal,Failed,208
501,2024-03-19,PayPal,Completed,526
502,2024-03-16,PayPal,Pending,575
503,2024-03-05,Gift Card,Completed,359
504,2024-03-03,Credit Card,Pending,718
505,2024-03-21,Gift Card,Pending,735
506,2024-03-02,PayPal,Failed,796
507,2024-03-21,Gift Card,Failed,593
508,2024-03-26,PayPal,Failed,497
509,2024-03-25,Credit Card,Pending,35
510,2024-03-23,Gift Card,Pending,102
511,2024-03-25,PayPal,Pending,245
512,2024-03-06,PayPal,Failed,202
513,2024-03-25,Credit Card,Pending,707
514,2024-03-06,Gift Card,Completed,442
515,2024-03-25,PayPal,Failed,301
516,2024-03-23,PayPal,Failed,692
517,2024-03-02,Gift Card,Pending,752
518,2024-03-11,Gift Card,Completed,197
519,2024-03-22,Credit Card,Completed,584
520,2024-03-16,PayPal,Pending,149
521,2024-03-13,Gift Card,Pending,508
522,2024-03-06,Credit Card,Failed,346
523,2024-03-06,Gift Card,Failed,310
524,2024-03-05,PayPal,Pending,250
525,2024-03-20,Credit Card,Pending,446
526,2024-03-09,Gift Card,Failed,663
527,2024-03-30,Credit Card,Pending,89
528,2024-03-27,Credit Card,Completed,199
529,2024-03-16,Gift Card,Pending,329
530,2024-03-11,Credit Card,Pending,78
531,2024-03-22,Gift Card,Pending,181
532,2024-03-26,Gift Card,Failed,755
533,2024-03-28,Credit Card,Completed,769
534,2024-03-13,Gift Card,Completed,36
535,2024-03-07,Gift Card,Failed,339
536,2024-03-02,PayPal,Failed,214
537,2024-03-31,PayPal,Pending,656
538,2024-03-11,Credit Card,Pending,661
539,2024-03-23,Gift Card,Completed,390
540,2024-03-22,Gift Card,Completed,724
541,2024-03-27,PayPal,Pending,396
542,2024-03-04,Gift Card,Completed,707
543,2024-03-13,Gift Card,Completed,232
544,2024-03-14,Credit Card,Pending,399
545,2024-03-06,PayPal,Failed,761
546,2024-03-16,PayPal,Pending,37
547,2024-03-11,PayPal,Pending,119
548,2024-03-11,PayPal,Pending,252
549,2024-03-15,PayPal,Pending,323
550,2024-03-05,Gift Card,Completed,483
551,2024-03-19,PayPal,Failed,501
552,2024-03-22,PayPal,Pending,333
553,2024-03-27,PayPal,Completed,355
554,2024-03-07,Credit Card,Failed,780
555,2024-03-22,PayPal,Failed,603
556,2024-03-20,Gift Card,Failed,40
557,2024-03-26,PayPal,Failed,799
558,2024-03-31,Gift Card,Completed,472
559,2024-03-16,Credit Card,Pending,735
560,2024-03-25,PayPal,Pending,254
561,2024-03-03,Credit Card,Failed,577
562,2024-03-24,Credit Card,Completed,219
563,2024-03-30,Gift Card,Completed,458
564,2024-03-07,Gift Card,Completed,660
565,2024-03-23,PayPal,Failed,195
566,2024-03-24,Credit Card,Pending,238
567,2024-03-06,Gift Card,Failed,236
568,2024-03-30,PayPal,Failed,405
569,2024-03-29,Gift Card,Pending,665
570,2024-03-25,Gift Card,Failed,470
571,2024-03-17,PayPal,Pending,266
572,2024-03-14,PayPal,Pending,270
573,2024-03-25,Credit Card,Failed,771
574,2024-03-02,PayPal,Pending,448
575,2024-03-09,Credit Card,Failed,695
576,2024-03-03,PayPal,Pending,525
577,2024-03-14,Credit Card,Pending,800
578,2024-03-06,Gift Card,Pending,672
579,2024-03-10,PayPal,Failed,11
580,2024-03-31,PayPal,Completed,534
581,2024-03-13,Gift Card,Failed,113
582,2024-03-21,Gift Card,Failed,106
583,2024-03-23,Gift Card,Failed,461
584,2024-03-24,Gift Card,Failed,303
585,2024-03-04,Credit Card,Pending,588
586,2024-03-08,Credit Card,Pending,597
587,2024-03-16,Gift Card,Pending,648
588,2024-03-24,Gift Card,Failed,587
589,2024-03-27,PayPal,Completed,122
590,2024-03-14,Credit Card,Pending,768
591,2024-03-31,Credit Card,Pending,15
592,2024-03-12,Gift Card,Pending,198
593,2024-03-13,Gift Card,Failed,62
594,2024-03-19,Gift Card,Pending,190
595,2024-03-07,PayPal,Completed,64
596,2024-03-09,PayPal,Failed,197
597,2024-03-11,Credit Card,Completed,162
598,2024-03-14,PayPal,Failed,576
599,2024-03-14,Gift Card,Pending,623
600,2024-03-29,Gift Card,Pending,651
601,2024-03-10,PayPal,Failed,23
602,2024-03-15,Gift Card,Completed,7
603,2024-03-10,Gift Card,Failed,490
604,2024-03-29,Gift Card,Pending,423
605,2024-03-25,PayPal,Pending,30
606,2024-03-23,Credit Card,Pending,402
607,2024-03-05,PayPal,Completed,108
608,2024-03-06,PayPal,Completed,219
609,2024-03-22,PayPal,Completed,113
610,2024-03-09,Gift Card,Failed,518
611,2024-03-21,Credit Card,Pending,375
612,2024-03-03,Credit Card,Pending,529
613,2024-03-18,Gift Card,Failed,422
614,2024-03-07,Gift Card,Completed,122
615,2024-03-03,Gift Card,Pending,637
616,2024-03-05,Credit Card,Pending,442
617,2024-03-06,Credit Card,Failed,672
618,2024-03-15,Credit Card,Failed,747
619,2024-03-08,Gift Card,Pending,725
620,2024-03-20,Gift Card,Failed,574
621,2024-03-05,PayPal,Failed,561
622,2024-03-12,Credit Card,Failed,134
623,2024-03-24,Gift Card,Pending,790
624,2024-03-22,PayPal,Failed,377
625,2024-03-17,PayPal,Completed,552
626,2024-03-26,Credit Card,Completed,109
627,2024-03-02,Gift Card,Pending,430
628,2024-03-08,Gift Card,Completed,689
629,2024-03-19,PayPal,Pending,252
630,2024-03-06,Credit Card,Completed,81
631,2024-03-27,Credit Card,Failed,44
632,2024-03-11,Credit Card,Pending,777
633,2024-03-06,PayPal,Completed,720
634,2024-03-12,Gift Card,Completed,247
635,2024-03-28,PayPal,Pending,711
636,2024-03-06,PayPal,Pending,597
637,2024-03-17,Credit Card,Pending,648
638,2024-03-02,Gift Card,Completed,535
639,2024-03-23,PayPal,Pending,406
640,2024-03-29,PayPal,Pending,650
641,2024-03-20,Credit Card,Failed,9
642,2024-03-30,Credit Card,Pending,739
643,2024-03-24,Gift Card,Pending,448
644,2024-03-30,Credit Card,Pending,74
645,2024-03-09,PayPal,Failed,43
646,2024-03-30,Gift Card,Failed,637
647,2024-03-13,Gift Card,Pending,270
648,2024-03-19,PayPal,Failed,255
649,2024-03-04,Credit Card,Failed,322
650,2024-03-05,Gift Card,Pending,92
651,2024-03-18,Credit Card,Failed,89
652,2024-03-15,PayPal,Failed,790
653,2024-03-06,PayPal,Failed,238
654,2024-03-22,Gift Card,Pending,754
655,2024-03-17,PayPal,Pending,737
656,2024-03-21,Gift Card,Failed,498
657,2024-03-26,Credit Card,Failed,686
658,2024-03-22,Credit Card,Pending,391
659,2024-03-03,PayPal,Failed,432
660,2024-03-09,Gift Card,Completed,738
661,2024-03-02,Gift Card,Completed,238
662,2024-03-04,Credit Card,Failed,445
663,2024-03-14,PayPal,Completed,246
664,2024-03-20,PayPal,Completed,116
665,2024-03-31,PayPal,Pending,780
666,2024-03-31,Credit Card,Failed,352
667,2024-03-11,Credit Card,Failed,486
668,2024-03-19,PayPal,Failed,90
669,2024-03-08,PayPal,Completed,605
670,2024-03-02,Gift Card,Pending,625
671,2024-03-06,Gift Card,Completed,379
672,2024-03-21,Gift Card,Failed,168
673,2024-03-31,PayPal,Failed,464
674,2024-03-04,Gift Card,Completed,609
675,2024-03-02,Credit Card,Failed,746
676,2024-03-17,Gift Card,Completed,610
677,2024-03-26,PayPal,Pending,790
678,2024-03-15,Gift Card,Completed,371
679,2024-03-16,Credit Card,Failed,41
680,2024-03-17,PayPal,Failed,292
681,2024-03-12,Gift Card,Pending,576
682,2024-03-10,PayPal,Completed,220
683,2024-03-24,PayPal,Completed,334
684,2024-03-23,PayPal,Completed,626
685,2024-03-29,Credit Card,Completed,92
686,2024-03-17,Credit Card,Completed,290
687,2024-03-19,Gift Card,Completed,793
688,2024-03-08,PayPal,Failed,712
689,2024-03-15,Gift Card,Pending,784
690,2024-03-10,Gift Card,Completed,105
691,2024-03-29,Gift Card,Completed,442
692,2024-03-02,PayPal,Completed,358
693,2024-03-08,PayPal,Completed,440
694,2024-03-05,Credit Card,Pending,791
695,2024-03-14,Credit Card,Completed,221
696,2024-03-30,PayPal,Pending,24
697,2024-03-12,Gift Card,Pending,612
698,2024-03-23,Gift Card,Pending,638
699,2024-03-19,Credit Card,Failed,481
700,2024-03-25,Credit Card,Completed,65
701,2024-03-06,PayPal,Pending,317
702,2024-03-16,PayPal,Failed,121
703,2024-03-10,Credit Card,Completed,83
704,2024-03-13,PayPal,Pending,699
705,2024-03-27,Gift Card,Completed,140
706,2024-03-16,Gift Card,Failed,535
707,2024-03-07,Gift Card,Completed,293
708,2024-03-03,Credit Card,Failed,53
709,2024-03-26,PayPal,Completed,718
710,2024-03-24,Credit Card,Completed,531
711,2024-03-13,PayPal,Failed,657
712,2024-03-19,Credit Card,Pending,788
713,2024-03-17,PayPal,Pending,528
714,2024-03-24,Gift Card,Failed,656
715,2024-03-06,Credit Card,Completed,569
716,2024-03-03,Gift Card,Pending,231
717,2024-03-13,Credit Card,Pending,434
718,2024-03-13,Credit Card,Completed,552
719,2024-03-31,Gift Card,Completed,685
720,2024-03-12,Gift Card,Failed,766
721,2024-03-09,Credit Card,Failed,382
722,2024-03-18,Gift Card,Completed,432
723,2024-03-19,PayPal,Pending,220
724,2024-03-08,Credit Card,Failed,426
725,2024-03-18,Credit Card,Completed,535
726,2024-03-14,Credit Card,Completed,493
727,2024-03-16,PayPal,Pending,213
728,2024-03-24,Gift Card,Completed,762
729,2024-03-16,Credit Card,Completed,199
730,2024-03-09,Credit Card,Failed,41
731,2024-03-17,PayPal,Pending,602
732,2024-03-27,PayPal,Failed,281
733,2024-03-30,PayPal,Completed,184
734,2024-03-04,Gift Card,Completed,308
735,2024-03-10,Credit Card,Failed,254
736,2024-03-25,Gift Card,Failed,585
737,2024-03-30,Credit Card,Pending,215
738,2024-03-21,Gift Card,Failed,481
739,2024-03-15,Gift Card,Pending,489
740,2024-03-10,Gift Card,Pending,70
741,2024-03-23,Credit Card,Completed,798
742,2024-03-10,Credit Card,Pending,545
743,2024-03-16,Gift Card,Completed,455
744,2024-03-28,Gift Card,Failed,141
745,2024-03-06,PayPal,Failed,502
746,2024-03-30,Gift Card,Completed,65
747,2024-03-10,PayPal,Completed,144
748,2024-03-13,Gift Card,Completed,479
749,2024-03-06,Credit Card,Completed,766
750,2024-03-16,Credit Card,Failed,748
751,2024-03-03,Gift Card,Completed,533
752,2024-03-20,Gift Card,Completed,334
753,2024-03-15,Credit Card,Pending,423
754,2024-03-31,Gift Card,Failed,7
755,2024-03-21,Gift Card,Pending,782
756,2024-03-23,Gift Card,Pending,675
757,2024-03-21,Credit Card,Pending,620
758,2024-03-18,Gift Card,Pending,294
759,2024-03-02,Gift Card,Failed,116
760,2024-03-27,PayPal,Failed,485
761,2024-03-05,Gift Card,Pending,521
762,2024-03-12,Credit Card,Failed,620
763,2024-03-16,Credit Card,Pending,191
764,2024-03-10,PayPal,Failed,576
765,2024-03-06,Gift Card,Completed,460
766,2024-03-22,Credit Card,Failed,208
767,2024-03-03,Credit Card,Failed,619
768,2024-03-14,PayPal,Pending,168
769,2024-03-05,Credit Card,Pending,340
770,2024-03-07,Credit Card,Failed,16
771,2024-03-12,Credit Card,Failed,516
772,2024-03-20,Credit Card,Failed,588
773,2024-03-12,Gift Card,Failed,436
774,2024-03-20,Gift Card,Pending,698
775,2024-03-24,PayPal,Failed,4
776,2024-03-21,Gift Card,Completed,347
777,2024-03-18,PayPal,Failed,569
778,2024-03-08,Credit Card,Pending,255
779,2024-03-13,PayPal,Failed,582
780,2024-03-02,Credit Card,Failed,524
781,2024-03-17,PayPal,Pending,380
782,2024-03-29,PayPal,Pending,347
783,2024-03-19,PayPal,Pending,453
784,2024-03-02,PayPal,Failed,778
785,2024-03-16,Gift Card,Failed,788
786,2024-03-14,Gift Card,Failed,86
787,2024-03-20,Gift Card,Completed,69
788,2024-03-17,Gift Card,Completed,178
789,2024-03-08,PayPal,Failed,555
790,2024-03-10,Gift Card,Completed,493
791,2024-03-24,Credit Card,Failed,371
792,2024-03-17,Credit Card,Pending,555
793,2024-03-17,Gift Card,Pending,192
794,2024-03-15,Credit Card,Completed,537
795,2024-03-29,Gift Card,Failed,432
796,2024-03-13,Gift Card,Failed,630
797,2024-03-06,PayPal,Failed,161
798,2024-03-26,PayPal,Failed,238
799,2024-03-25,PayPal,Pending,72
800,2024-03-18,PayPal,Failed,36
