seller_id,seller_name
1,"Brown, Ramsey and Harris"
2,Foster-Murphy
3,Mendez-Wright
4,"Lee, Bryan and Torres"
5,Evans Inc
6,"Schultz, Perez and Miller"
7,"Carrillo, Flores and Moore"
8,May-Munoz
9,"Sloan, George and Salas"
10,Gibson Group
11,Wilson PLC
12,"Kim, Hayes and Dorsey"
13,Preston-Owen
14,Miller-Robinson
15,"Daugherty, Baker and Ward"
16,Harvey-Henderson
17,"Strickland, Thompson and Hill"
18,"Salinas, Navarro and Horton"
19,"Nelson, Wilson and Kent"
20,Johnson PLC
21,Chaney PLC
22,"Alvarez, Griffin and Clark"
23,"Harrison, Mckinney and Evans"
24,Miller-Flores
25,Forbes and Sons
26,Anderson Inc
27,Ward-Morrow
28,Boone LLC
29,Vazquez PLC
30,Gibbs-Torres
31,Downs-Gregory
32,"Hamilton, Valdez and Briggs"
33,Calhoun and Sons
34,Keller-Doyle
35,"Sanders, Cooley and Moore"
36,Price LLC
37,"Johnson, Hines and Shaw"
38,"Bernard, Martinez and Watkins"
39,Jones-Rodriguez
40,"Campbell, Hansen and Hess"
41,"Arroyo, Griffin and Cook"
42,Jordan-Miller
43,Sharp-Richardson
44,"Wright, Williams and Curtis"
45,Gonzalez Inc
46,Vaughn LLC
47,"Ray, Garcia and Long"
48,"Hickman, Lopez and Robinson"
49,Vazquez-Harrison
50,Moody and Sons
51,Webb LLC
52,"French, Forbes and Knox"
53,Becker Ltd
54,"Meadows, Jones and Johnson"
55,Mills Group
56,Martin and Sons
57,Bush-Scott
58,"Hamilton, Burns and Martinez"
59,"Perez, Marshall and Carpenter"
60,"Brewer, Fernandez and Bender"
61,"Smith, Rodriguez and Shannon"
62,"Schaefer, Brown and Watts"
63,Mosley-Williams
64,"Jackson, Alvarez and Garza"
65,"Stephenson, Rich and Holloway"
66,"Wolf, Mcmahon and Nelson"
67,Buck-Jones
68,Day Group
69,Gould-Jackson
70,"Mccullough, Rivera and Mccoy"
71,Schneider-Martinez
72,Bailey Inc
73,"Roberts, Allen and Waller"
74,Fisher-Charles
75,"Palmer, Stevens and Warner"
76,Chung Inc
77,Stephenson-Pratt
78,Hill-Mcdonald
79,Rojas Ltd
80,"Hampton, Rice and Velez"
81,Henderson and Sons
82,"Haynes, Rivera and Larsen"
83,"Graves, Pierce and Perez"
84,"Oliver, Hardy and Porter"
85,Mcgee Inc
86,White-Landry
87,Lewis PLC
88,Ward-Sanford
89,Johnson-Perez
90,Guzman Ltd
91,Morrow-Lewis
92,"Watson, Webb and Phelps"
93,Moody PLC
94,Ayers Inc
95,Woods Ltd
96,"Ewing, York and Alvarez"
97,Carson Group
98,Heath Ltd
99,Kent-Jacobs
100,Blanchard Inc
101,Mercer-Bernard
102,Clark Ltd
103,"Morales, Browning and Flores"
104,Taylor-Jackson
105,Weeks-Wagner
106,Lam LLC
107,"Jones, Martinez and Thornton"
108,"Schwartz, Anderson and Vasquez"
109,"Blanchard, Collier and Torres"
110,Bryant Inc
111,"Ross, Evans and Newman"
112,Fisher Ltd
113,Martin-Rojas
114,Stewart Ltd
115,Dalton-Bradley
116,Porter-Williams
117,Farmer-Clark
118,"Chavez, Turner and Hunter"
119,Douglas Group
120,"Ali, Mason and Lee"
121,"Garcia, Stanley and Salas"
122,Wolfe Group
123,Smith-Robinson
124,Paul-Jacobs
125,Cannon LLC
126,Walter and Sons
127,Jones-Burton
128,Bailey Group
129,Spencer Ltd
130,"Choi, Pratt and Booth"
131,Little-Meyer
132,Meyers-Sanders
133,Stokes Inc
134,"Reyes, Navarro and Spencer"
135,Rowe Inc
136,Robinson LLC
137,Jones-Morris
138,Clark-Garcia
139,Conrad PLC
140,Mcdonald PLC
141,Dawson Inc
142,"Fleming, Martinez and Miller"
143,Sanders LLC
144,"Browning, Walker and Christensen"
145,"Duran, King and Norman"
146,"Bailey, Henry and Blankenship"
147,Sexton-Anderson
148,Arellano PLC
149,Shelton-Watson
150,"Howard, Doyle and Newman"
151,Garrett-Harris
152,Walker-Richard
153,Hernandez PLC
154,Mathis-Smith
155,Singh and Sons
156,"Smith, Wilson and Jennings"
157,Collins and Sons
158,"Crawford, Hopkins and Castaneda"
159,Brown-Snyder
160,Short PLC
161,Miller-Johnson
162,"Perry, Williams and Thompson"
163,Nguyen-Parsons
164,Smith PLC
165,"Myers, Maldonado and Campbell"
166,Nelson-King
167,Kelley Inc
168,Thomas-Sherman
169,Miller Group
170,Harris Inc
171,King-Ashley
172,Haley-Carter
173,Walter-Washington
174,Jackson LLC
175,"Crosby, Spence and Williams"
176,Wilson-Howard
177,Lopez Group
178,"Costa, Watkins and Taylor"
179,"Villegas, Brown and Tyler"
180,Reyes LLC
181,"Thompson, Green and Miller"
182,Fowler Inc
183,"Smith, Stevenson and Swanson"
184,Odonnell-Tran
185,"Acosta, Mack and Espinoza"
186,Stanley PLC
187,Murphy PLC
188,Kim-Black
189,"Hernandez, Cole and Everett"
190,"Moran, Oconnor and Lloyd"
191,Hodge Inc
192,"Davis, Fritz and Powell"
193,"Keith, Jackson and Shea"
194,"Kerr, Morris and Johnson"
195,"Delgado, Woods and Glenn"
196,Chung-Grant
197,"Marshall, Garcia and Adams"
198,Wu PLC
199,Stewart-Leach
200,Barnett-Johnson
201,"Lee, Bass and Solis"
202,"Oneill, Meadows and Gomez"
203,"Anderson, Hansen and Herrera"
204,Johnson Group
205,"Hall, Martinez and Lopez"
206,"Vaughan, Bell and Warren"
207,Harper-Henderson
208,"Harris, Lozano and Villegas"
209,"Brown, Miller and Jones"
210,"Lee, Hayes and Myers"
211,"Watson, Jennings and Espinoza"
212,Schmidt and Sons
213,Mcdowell-Carrillo
214,Hill and Sons
215,Ramirez PLC
216,Wright-Frey
217,Black Inc
218,"Mcintosh, Andersen and West"
219,Johnson Inc
220,Hicks and Sons
221,Davis-Dudley
222,Weaver-Richard
223,Eaton-Booth
224,"Miller, Massey and Obrien"
225,Ryan-Duke
226,Castillo-Richards
227,Martinez Inc
228,"Smith, Mendez and Baker"
229,Robertson-Peters
230,Rivas and Sons
231,Robbins PLC
232,Hayden and Sons
233,Anderson-Williams
234,"Ramos, Baldwin and Farmer"
235,Garcia Inc
236,"Lopez, Boone and Stewart"
237,Thompson Group
238,"Cunningham, Romero and Holmes"
239,Heath PLC
240,Becker-Ruiz
241,Rubio Group
242,Lewis-Quinn
243,Lam-Wilson
244,"Chapman, Vazquez and Sanchez"
245,"Butler, Walker and Higgins"
246,Jordan-Kennedy
247,Potter-Davidson
248,"Stanley, Thomas and Vincent"
249,"Monroe, Freeman and Fowler"
250,Miller PLC
251,"Curtis, Oconnell and Holmes"
252,"Woods, Collier and Goodman"
253,Martinez-Morrison
254,Rodgers-Grant
255,"Bowers, Kidd and Morton"
256,Schwartz-Richards
257,"Gallegos, Wall and Kirk"
258,Morris-Black
259,"Reyes, Ward and Smith"
260,Hernandez Inc
261,Hampton-Moore
262,Hale and Sons
263,"Lewis, Stephens and Davis"
264,"Lucas, James and Cooper"
265,Lane-Ford
266,"Porter, Gonzalez and Martinez"
267,"Duncan, Houston and Hernandez"
268,Cox-Garcia
269,"Calderon, Sanders and Smith"
270,Reed Group
271,Montes Group
272,Wilson Group
273,Ortiz Ltd
274,Campos-Ward
275,Thomas-Wilkinson
276,Cruz-Meyer
277,Andersen LLC
278,"Spencer, Berger and Kemp"
279,Valentine-White
280,Lynch-Osborne
281,"Yates, Vega and Mendoza"
282,Bryant-Everett
283,Stark-Robinson
284,White-Clark
285,Baldwin-Dunn
286,Young-Martin
287,Hernandez Inc
288,Ray-Holt
289,Pope PLC
290,Pope-Hall
291,Hernandez Group
292,"Macdonald, Newman and Roberts"
293,"Perez, Harding and Todd"
294,Quinn-Curtis
295,Herrera LLC
296,Delgado-Flores
297,"Bernard, Roy and Hale"
298,Ford PLC
299,James Inc
300,"Holt, Hall and Soto"
301,"Norris, Smith and Griffith"
302,"Smith, Potts and Gallegos"
303,Clark-Smith
304,"Ponce, Camacho and Reese"
305,Thompson-Andrews
306,Allen and Sons
307,Waters PLC
308,"Jackson, Rodriguez and Livingston"
309,Lewis LLC
310,Williamson Inc
311,Thomas Group
312,"Lee, Wallace and Perkins"
313,"Booker, Wise and Franco"
314,Lopez-Murphy
315,Taylor-Flores
316,Evans-Ramirez
317,"Morales, Lee and Thompson"
318,Flynn-Bullock
319,Hernandez-Ross
320,"Espinoza, Hensley and Holder"
321,"Goodman, Hicks and Rich"
322,Ramos Ltd
323,Williams PLC
324,Frazier-Tran
325,"Williams, Davis and Sanchez"
326,"Neal, Frederick and Holland"
327,Larson LLC
328,"Williams, Campos and Taylor"
329,"Sosa, Rivera and Thomas"
330,"Pennington, Martin and Alvarez"
331,Gonzales-Garcia
332,Gonzalez-Orozco
333,Stewart-Walter
334,Schultz and Sons
335,"Scott, Miller and Woodard"
336,"Miller, Rogers and Mata"
337,"Michael, Chase and Foley"
338,Porter-Weber
339,"Barrett, Newman and Reid"
340,Marshall-Cook
341,"Cooper, Walsh and Moore"
342,Gray-Hill
343,Hughes-Bridges
344,James-Wright
345,Wallace-Anderson
346,"Gallegos, Carey and Velasquez"
347,Burch Inc
348,Burgess-Green
349,Alvarez-Cross
350,Taylor PLC
351,Rodriguez and Sons
352,Gibson-Ballard
353,"Newman, Thomas and Collins"
354,Grant-Thomas
355,Hall and Sons
356,"Walker, Jones and Meza"
357,"Taylor, Jarvis and Arellano"
358,Fuller LLC
359,Joyce-Smith
360,Murphy-Parker
361,Taylor Ltd
362,"Hernandez, Gross and Allen"
363,Tucker and Sons
364,Stewart-Russell
365,Smith Group
366,Garcia-Taylor
367,Clark Ltd
368,"Allen, Gonzales and Sherman"
369,Clark-Glover
370,Molina LLC
371,"Washington, Stein and Francis"
372,"Silva, Martin and Carter"
373,Foster LLC
374,Waller-Hansen
375,"Fields, Moon and Chavez"
376,"Smith, Jones and Hodge"
377,Contreras-Hunt
378,Miranda Ltd
379,"Palmer, Schmidt and Reeves"
380,"Avery, Hunter and Briggs"
381,Hicks-Welch
382,Russo-Stone
383,Bishop-Phillips
384,Pierce PLC
385,Paul-Chambers
386,Garcia-Jenkins
387,Perez LLC
388,Henderson-Brown
389,Lee LLC
390,Watson-Riley
391,Armstrong-Wagner
392,Frank Inc
393,Koch-Garza
394,Holt-Kennedy
395,"Clark, Gutierrez and Rodriguez"
396,"Meyer, Diaz and White"
397,Horn PLC
398,Mullen-Mclaughlin
399,"Nelson, Foster and Howard"
400,"Humphrey, Gonzalez and Bush"
401,Thompson-Henderson
402,Barber and Sons
403,"Haynes, Garcia and Winters"
404,Curtis-Smith
405,Kelly-Kim
406,"Shah, Case and Saunders"
407,Simpson Ltd
408,Carroll and Sons
409,"Tran, Crosby and Smith"
410,"Stephenson, Jefferson and Norman"
411,Anderson Ltd
412,"Miller, Brown and Jefferson"
413,"Gonzalez, Carpenter and Jones"
414,Lane-Pratt
415,"Bishop, Newman and Smith"
416,Holmes Group
417,Walsh-Rogers
418,"Hudson, Hicks and Banks"
419,Ingram Inc
420,"Haynes, Powers and Davenport"
421,Mercado-Owens
422,Robinson-Brown
423,"Stevens, Shepherd and Stuart"
424,Taylor LLC
425,Harris LLC
426,Ali Group
427,"Harris, Ball and Gonzalez"
428,Harris-Stevenson
429,"Lewis, Landry and Pratt"
430,Graves-Baxter
431,"Diaz, Howard and Price"
432,Mcpherson and Sons
433,Simmons-Harris
434,Cox and Sons
435,Hansen Ltd
436,"Moore, Fuller and Hooper"
437,Smith PLC
438,"Poole, Ford and Bradley"
439,Knox-Mendez
440,Long Group
441,Jordan-Brown
442,Yang Group
443,Phillips-Davis
444,Rodriguez-Nelson
445,Young-Johnson
446,White-Robinson
447,"Allison, Lindsey and Wilson"
448,Doyle Group
449,Moore PLC
450,Wade-Yoder
451,"Robinson, Jones and Gordon"
452,Mills-Robinson
453,Johnson Group
454,Gordon-Russell
455,Blake Inc
456,Shaw and Sons
457,"Moore, Spears and Jacobson"
458,Franklin-Fleming
459,Frazier Ltd
460,Sloan LLC
461,Edwards PLC
462,Johns LLC
463,Scott Group
464,"Brandt, Mitchell and Norris"
465,"Hill, Hall and Williams"
466,Boyd LLC
467,Mcclain-Jackson
468,Rivas-Patel
469,Hebert PLC
470,"Duran, Stone and Fry"
471,Murphy-Shelton
472,Brown LLC
473,Taylor PLC
474,"Elliott, Welch and Smith"
475,"Turner, Sanders and King"
476,Mclaughlin-Mcdaniel
477,Sanchez Group
478,Weaver-Nelson
479,Terry-Hayes
480,Pratt LLC
481,"Young, Page and Beard"
482,Hernandez Inc
483,"Hanson, Page and Bailey"
484,Keith Group
485,Harding PLC
486,"Baird, Brown and Franklin"
487,Martin-Cannon
488,Tucker-Sullivan
489,"Dudley, Flores and Lang"
490,Jones and Sons
491,Rodriguez-Mcpherson
492,"Sims, Davis and Rodriguez"
493,Dean and Sons
494,"Cohen, Carroll and Roberson"
495,Thomas-Henderson
496,Williams Inc
497,Frye Inc
498,Banks Ltd
499,Rubio-Jackson
500,Stanley-Barber
501,Barnett-Blankenship
502,Salazar PLC
503,Lewis-Ramirez
504,Phelps-Payne
505,"Forbes, Vargas and Moran"
506,"Parker, Stewart and Wallace"
507,Harris-Fernandez
508,Reed-Frank
509,Wilson-Thompson
510,Sanchez Inc
511,Hughes-Gonzalez
512,"Barry, Morgan and Gonzalez"
513,Jordan Ltd
514,"Smith, Wolfe and Ryan"
515,"Scott, Ellis and Williams"
516,Hudson Inc
517,"Mckinney, Wilson and Wilson"
518,Estrada-Cunningham
519,"Conway, Brown and Garcia"
520,Lynch-Giles
521,Wiggins-Jackson
522,"Barnett, Stevens and Martin"
523,"Dennis, Ryan and Vega"
524,Price Inc
525,Chen Inc
526,"Mejia, Johnson and Morris"
527,Galvan LLC
528,Smith-Garcia
529,"Rose, White and Harvey"
530,"Carter, Ross and Evans"
531,"Smith, Duncan and Moran"
532,"Thomas, Garcia and Anderson"
533,Valencia Inc
534,Reyes-Aguilar
535,"Murphy, Christian and Brooks"
536,Johnson Ltd
537,"Blake, Cunningham and Waters"
538,Gregory-Ortiz
539,Hutchinson and Sons
540,"Cross, Knight and Porter"
541,Cobb-Sharp
542,Owens-Smith
543,Davis-Alvarado
544,Henderson PLC
545,Martinez Inc
546,"Walker, Duffy and Barr"
547,Jackson-Woodard
548,Shaw-Smith
549,"Garcia, Huerta and Watts"
550,Walker-Morris
551,Dean-Harper
552,Moore and Sons
553,"Harris, Taylor and Kennedy"
554,Hansen Group
555,"Martin, Hernandez and Brown"
556,"Morgan, Perkins and Yang"
557,"Barnett, Bailey and Ramirez"
558,"Orozco, Moore and Foster"
559,Cameron-Gibbs
560,Wells Ltd
561,"Dixon, Cameron and Murray"
562,Simmons Group
563,"Carroll, Taylor and Short"
564,"Adams, Cook and Bryant"
565,Castillo PLC
566,Lopez-Brewer
567,Adkins Ltd
568,"Hernandez, Ibarra and Randall"
569,"Pratt, Vargas and Reed"
570,Mason-Levine
571,Strong-Ellison
572,"Walker, Mercado and Davis"
573,"Jordan, Byrd and Smith"
574,"Johnson, Robinson and Henderson"
575,"Flynn, Gonzales and Morales"
576,Harris-Martin
577,"Carter, Spencer and Camacho"
578,Ramirez Group
579,"Ramirez, Gould and Davis"
580,Chen-Hendricks
581,Savage-Schultz
582,Carlson-Moore
583,"Villanueva, Perez and Martinez"
584,Mercado-Zavala
585,Reese-Fisher
586,Stone-Pittman
587,Velasquez-Franco
588,Stone and Sons
589,Lopez-Ross
590,Freeman Group
591,"Hanson, Dorsey and Williams"
592,Dunn Ltd
593,Smith-Alvarado
594,"Page, Bryant and Valencia"
595,Molina-Love
596,Scott-Elliott
597,"Cruz, Anderson and Parker"
598,Rivera-Lee
599,Stewart-Brennan
600,Flores-Ho
601,"Green, Nash and Robertson"
602,Booth and Sons
603,"Cisneros, Gonzalez and Cross"
604,"Fletcher, Merritt and Dunn"
605,Church Group
606,Williams and Sons
607,Murray-Hamilton
608,Walters and Sons
609,Edwards-Shepherd
610,Bishop and Sons
611,Goodman-Johnson
612,Maxwell-Galvan
613,Wilson-White
614,Alexander-Pineda
615,Nelson PLC
616,Vaughn-Rose
617,Stewart-Moore
618,Dean Ltd
619,Smith Ltd
620,Taylor-Reynolds
621,Ross Inc
622,Armstrong-Kelly
623,Mcclure LLC
624,Wallace-Johnson
625,Watts-Allen
626,Caldwell LLC
627,"Boyd, Donaldson and Clarke"
628,Delacruz-Cook
629,Dougherty-Thomas
630,"Smith, Pugh and Elliott"
631,Wong PLC
632,Flores PLC
633,"Lambert, George and Cortez"
634,"Bernard, Perez and Miller"
635,Rogers-Miller
636,"Cole, Villa and Johnston"
637,White-Fitzgerald
638,Dunn-Flores
639,Avila LLC
640,Lopez-Mcmahon
641,Case LLC
642,Bailey-Williams
643,Jones PLC
644,"Archer, Robinson and Miller"
645,"Fitzgerald, Dyer and Williams"
646,"Velez, Macias and Shah"
647,"Harris, Hunt and Lopez"
648,Taylor Inc
649,Wilson PLC
650,Pacheco and Sons
651,"Compton, Francis and Harrell"
652,Barnett-Harris
653,Lewis-Blair
654,Clark-Reyes
655,"Casey, Parsons and Wilson"
656,"Robertson, Fitzgerald and Phillips"
657,"Krause, Johnson and Smith"
658,Mcdonald-Smith
659,"Villarreal, Wilson and Scott"
660,Doyle LLC
661,"Graham, Sanford and Henderson"
662,Williams Inc
663,"Bennett, Evans and Wolf"
664,Morrison-Reilly
665,"Johnson, Estrada and Anderson"
666,Gonzales Ltd
667,Meadows-Kennedy
668,Brooks-Brock
669,Sherman and Sons
670,Miller-Gray
671,"Scott, Gibson and Weaver"
672,Le Group
673,"Williams, Massey and Parker"
674,Taylor-Davis
675,Stevenson PLC
676,Williams-Butler
677,Bowers Inc
678,Conley and Sons
679,"Crawford, Peterson and Wilcox"
680,Bennett Inc
681,Nelson Ltd
682,"Young, Petersen and Campbell"
683,"Hooper, Mills and Martin"
684,"Wallace, Martin and Parker"
685,"Carter, Combs and Duffy"
686,Joyce-Becker
687,"Coffey, Evans and Martinez"
688,"Osborn, Aguirre and York"
689,Mills LLC
690,Bennett-Baker
691,Kelly-Baker
692,Lopez LLC
693,Lambert-Wolfe
694,Anthony-Williams
695,"Campbell, Reeves and Patton"
696,James PLC
697,Sanchez-Serrano
698,Reynolds-Conrad
699,Bentley-Jones
700,Rose-Smith
701,Reynolds-Hall
702,"Guzman, Moore and Bennett"
703,Swanson-Morales
704,"Paul, Clarke and Lopez"
705,Lopez-Thomas
706,Jimenez PLC
707,Martinez-Collins
708,"Rodriguez, Moore and Diaz"
709,Castillo Ltd
710,"Hanson, Decker and Morrow"
711,Dawson-Blevins
712,Wright-Travis
713,"Moreno, Taylor and Barron"
714,Rojas LLC
715,Lowe-Thompson
716,Martinez-Collier
717,"Alvarez, Bush and Moore"
718,Sampson-Martin
719,Parker Inc
720,Hill-Smith
721,Bell-Clark
722,Mckinney-Joseph
723,Golden-White
724,"Fowler, Cooper and Hansen"
725,Robinson-Morgan
726,"Bishop, Kennedy and Calderon"
727,Robinson and Sons
728,"Jordan, Reese and Osborn"
729,Roberts LLC
730,Jordan-Baker
731,"Bradley, Hart and Nguyen"
732,Perez-Osborne
733,"White, Garcia and Warren"
734,Harvey Inc
735,Taylor Inc
736,Riley Ltd
737,Roberson-Norman
738,Maldonado Group
739,Taylor PLC
740,"Wright, Murphy and Wilson"
741,"Brown, Cobb and Villegas"
742,Potts Inc
743,Harris-Carter
744,Maynard-Williams
745,"Howard, Smith and Dunn"
746,Hardy Inc
747,Russell Inc
748,Salas and Sons
749,"Andersen, Zimmerman and Hines"
750,Pruitt LLC
751,Moran-Fox
752,Chan LLC
753,Hall PLC
754,Escobar-Williams
755,Garcia PLC
756,Morgan PLC
757,"Tucker, Phelps and Miller"
758,Walker-Cortez
759,Hayden-Clay
760,"Johnson, Rogers and Mcdonald"
761,"Jackson, Blanchard and Lewis"
762,"Gordon, Whitney and Martinez"
763,"Jones, Stone and Hernandez"
764,Scott-Winters
765,"Bishop, Drake and Curry"
766,Armstrong Inc
767,Mitchell and Sons
768,"Hall, James and Jackson"
769,"Reyes, Carney and Thompson"
770,"Jones, Miller and Brown"
771,"White, Taylor and Hernandez"
772,Rogers-Rogers
773,Swanson Inc
774,Mendez-Ellison
775,Santos-Krause
776,Wheeler-Johnson
777,Vasquez Ltd
778,Brooks-Dunlap
779,Martinez LLC
780,Griffin-Smith
781,"Bridges, Sosa and Griffin"
782,Wade and Sons
783,Camacho-Brown
784,"Williams, Waters and Morris"
785,Martin-Lopez
786,Tran Ltd
787,"Diaz, Brown and Young"
788,"Kim, Martin and Hill"
789,"Young, Ellison and Hoffman"
790,"Zimmerman, Wright and Garcia"
791,Miller and Sons
792,Murphy-Bishop
793,Scott Inc
794,"Coleman, Martin and Zimmerman"
795,"Brown, Chavez and Hayden"
796,Mckinney Inc
797,Cruz-Joseph
798,"Allen, Elliott and Green"
799,Soto-Mejia
800,"Williams, Ball and Bennett"
